"CC",,"SP_Allowance_1","SP_Allowance_2","SP_Allowance_3","SP_Fee_1","SP_Fee_2","Sp_Fee_3","SP_Fee_4","Num_Carers_1","Num_Carers_2","Num_Carers_3","Num_Carers_4","Number of children/young people in placements (at 31 March)","Number of disabled children/young people (at 31 March)^",,"White (at 31 March)","Mixed (at 31 March)","Asian/Asian British (at 31 March)","Black/Black British (at 31 March)","Other ethnic groups (at 31 March)","Not known (at 31 March)",,"Number of CYP considered to be at risk of CSE",,"Number of children/young people who went ‘missing’ while living with foster carers","Number of instances children/young people went ‘missing’ while living with foster carers",,"Less than 24 hours","One to six days","One week to 28 days","Longer than 28 days","Bullying","Involvement in offending behaviour","Substance misuse","Contact with family or friends","Alleged abuse within the foster home","Because they are an asylum seeker","Suspected sexual exploitation","Any other known reason","Reason unknown",,"Number of return home interviews conducted","Number of missing children/young people with no return home interview",,"Number of children experiencing unplanned endings","Number of children experiencing placement moves within 24 hours of unplanned ending notification",,"Transferred to LA fostering placement","Transferred to IFA fostering placement","Transferred to other type of looked after placement (e.g. children's home, adoption)","No longer looked after","Staying put","Not staying put","Reason unknown",,"Number of young people in foster care who became 18","Number of young people in foster care who became 18 and remained living with their former foster carer",,"Groups assessed","Siblings assessed","Groups placed to plan","Siblings placed to plan","Groups NOT placed to plan","Siblings NOT placed to plan",,"Total approved carers ","White","Mixed","Asian/Asian British","Black/Black British","Other ethnic groups","Not known","Number of individual foster carers who had completed the TSD Standards","Number of individual foster carers who were awaiting sign-off on the TSD Standards","Number of individual foster carers who were in progress completing the TSD Standards","Number of individual foster carers who had not yet commenced the TSD Standards","Number of individual foster carers with TSD Standards training status unknown",,"Total approved households",,"Permanent foster care","Non-permanent foster care","Emergency","Family and Friends","Parent and child","Multi-dimensional treatment","Remand","Other","Fostering to adopt","Short breaks","Shared care","Not known",,"Number of households with exemptions to the usual fostering limit in place at any time during the year",,"Number of households approved for one CYP","Number of households approved for two CYP","Number of households approved for three CYP","Number of households approved for four or more CYP","Number of approved foster places","Number of filled places","Number of vacant places","Number of places not available",,"Number of initial enquiries from new prospective fostering households","Total number of applications received from prospective fostering households between 1 April and 31 March","Number of applications approved","Number of applications withdrawn by applicants","Number of applications withdrawn by services","Number of applications rejected after being presented to panel","Number of applications which remained in progress on 31 March",,"Total number of households approved in year","Of which, number of family and friends households approved in year ~",,"Deregistered to facilitate a transfer to a local authority","Deregistered to facilitate a transfer to an independent fostering agency","Deregistration initiated by the fostering service","Deregistration initiated by the foster carer","Deregistration for unknown reason","Total households deregistered between 1 April and 31 March""",,"Number of applications for a review to the IRM","Number of which resulted in a recommendation being made to review the decision",,"Number of allegations against foster carers by fostered children","Number of allegations against foster carers by other sources","Total number of allegations made","Number of children made allegations against foster carers","Number of foster carers subject to allegations","Physical abuse","Sexual abuse","Neglect","Emotional abuse","Concerns resolved, no further action","Continued monitoring for agreed period","Concern remained, refer to fostering panel for review","Less than 21 working days","22-30 working days (4-6 weeks)","31-50 working days (6-10 weeks)","More than 50 working days (more than 10 weeks)",,"Number of referrals to the Disclosure and Barring Service (DBS)","Number of referrals to the local authority child protection team","Number of Section 47 enquiries",,"Number of recorded incidents of physical restraint by foster carers","Number of CYP subject to restraint","Number of households that restrained CYP",,"CYP (complaints made)","CYP (complaints not upheld)","Foster carers (complaints made)","Foster carers (complaints not upheld)","CYP's social workers (complaints made)","CYP's social workers (complaints not upheld)","Other professionals (complaints made)","Other professionals (complaints not upheld)","CYP's parents (complaints made)","CYP's parents (complaints not upheld)","Others (complaints made)","Others (complaints not upheld)","Total complaints (complaints made)","Total complaints (complaints not upheld)"
"England",,,,,,,,,,,,,54870,5180,,41860,5165,2480,3650,1270,445,,2765,,6395,27085,,3105,2100,760,430,40,115,110,3285,20,75,220,1210,1325,,11995,2460,,5815,1775,,2965,3680,6615,11660,1880,1885,835,,3770,1880,,4495,11230,4045,9890,450,1340,,75260,62485,935,3895,5610,655,1680,53365,945,10635,7655,2655,,44450,,15425,18230,245,6930,355,600,20,235,335,1415,640,25,,1785,,14535,15470,13075,870,88370,54870,16080,15845,,127850,9740,2415,2470,1290,60,3500,,8400,3290,,240,360,2910,5365,55,8925,,235,90,,1745,960,2705,1730,2650,1570,175,430,530,1535,450,705,1385,360,335,615,,90,1395,745,,995,645,540,,290,130,445,185,140,70,160,70,190,90,215,95,1435,630
"North East",,,,,,,,,,,,,2990,210,,2770,80,35,45,45,15,,65,,240,1135,,115,95,25,5,10,5,5,75,0,0,5,45,90,,620,55,,110,60,,0,120,385,1040,65,30,5,,90,65,,470,1160,435,1040,35,120,,3920,3790,20,40,10,15,50,2575,30,385,705,220,,2330,,750,780,5,715,0,0,0,0,15,45,15,0,,100,,845,805,495,70,4235,2990,550,580,,1760,205,80,35,0,5,80,,600,460,,0,5,365,395,0,770,,5,0,,40,20,55,40,60,35,5,5,15,35,10,10,30,10,5,10,,5,20,10,,10,5,10,,5,0,10,5,0,0,0,0,5,0,5,5,25,15
"Darlington","*",247.47,,,75,90,100,150,2,1,1,1,100,5,,90,5,0,0,0,0,,0,,10,20,,5,0,0,0,0,0,0,5,0,0,0,5,0,,20,0,,15,5,,0,15,15,35,5,0,0,,5,5,,35,75,35,75,0,0,,135,130,0,0,0,0,5,60,0,25,50,0,,85,,10,40,0,35,0,0,0,0,0,0,0,0,,10,,30,30,20,5,165,100,40,25,,85,10,0,0,0,0,5,,20,20,,0,5,35,5,0,40,,0,0,,5,0,5,0,5,5,0,0,0,5,0,0,0,0,0,0,,0,5,5,,0,0,0,,0,0,0,0,0,0,0,0,0,0,0,0,0,0
"Durham",,201.5,,,,,,,12,,,,535,35,,525,10,0,0,0,0,,5,,10,30,,5,5,0,0,0,0,0,10,0,0,0,0,0,,25,0,,20,5,,0,0,0,195,15,0,0,,15,15,,60,155,60,150,5,5,,660,645,5,0,0,0,10,435,0,85,135,0,,385,,130,125,0,125,0,0,0,0,0,0,0,0,,0,,135,110,90,20,715,535,95,85,,0,25,20,5,0,0,0,,115,90,,0,0,5,100,0,105,,0,0,,0,0,0,0,0,0,0,0,0,0,0,0,0,0,0,0,,0,0,0,,0,0,0,,0,0,0,0,0,0,0,0,0,0,0,0,0,0
"Gateshead","*",220,,,,,,,17,,,,295,10,,265,15,5,10,0,0,,10,,45,335,,30,10,5,0,10,0,5,0,0,0,5,0,30,,110,20,,10,10,,0,0,85,70,10,10,0,,20,10,,25,55,20,45,5,10,,370,365,0,0,0,0,0,245,15,25,85,0,,215,,65,85,0,45,0,0,0,0,0,5,10,0,,15,,70,75,60,5,425,295,15,90,,145,15,5,0,0,0,5,,50,30,,0,0,60,20,0,80,,0,0,,10,0,10,10,10,0,0,0,5,5,0,5,5,0,0,0,,0,0,0,,0,0,0,,0,0,0,0,0,0,0,0,0,0,0,0,0,0
"Hartlepool","*",134.9,,,226,,,,15,,,,205,10,,195,0,0,0,0,5,,0,,25,120,,10,10,5,0,0,0,0,10,0,0,0,0,10,,105,0,,0,0,,0,5,10,55,5,0,0,,5,5,,15,50,15,45,0,5,,240,215,0,0,0,5,20,135,0,20,5,75,,145,,65,35,0,40,0,0,0,0,0,0,0,0,,5,,50,65,20,10,275,205,75,0,,30,10,10,0,0,0,0,,20,15,,0,0,30,10,0,40,,0,0,,5,0,5,5,5,0,0,0,0,0,5,0,0,5,0,0,,0,5,0,,0,0,0,,0,0,0,0,0,0,0,0,0,0,0,0,0,0
"Middlesbrough",,215,,,,,,,,,,,125,5,,105,15,0,5,0,0,,0,,5,70,,5,5,0,0,0,0,0,0,0,0,0,0,5,,70,0,,0,0,,0,5,35,5,5,0,0,,5,5,,45,120,35,90,10,30,,210,200,0,5,0,0,0,195,0,15,0,0,,125,,30,75,0,15,0,0,0,0,0,0,0,0,,5,,40,60,20,5,235,125,5,65,,215,25,5,0,0,0,20,,10,5,,0,0,5,5,0,10,,0,0,,0,0,0,0,0,0,0,0,0,0,0,0,0,0,0,0,,0,0,0,,0,0,0,,0,0,0,0,0,0,0,0,0,0,0,0,0,0
"Newcastle upon Tyne","*",,,,,,,,,,,,410,70,,335,10,20,10,35,0,,15,,35,120,,20,15,5,0,0,5,0,10,0,0,0,15,5,,100,0,,0,0,,0,40,50,135,5,0,0,,5,5,,115,265,115,265,0,0,,570,520,5,25,5,5,5,340,5,40,180,5,,360,,195,15,0,140,0,0,0,0,0,10,5,0,,5,,120,105,85,5,605,410,150,50,,305,20,15,0,0,0,10,,125,105,,0,0,0,65,0,65,,0,0,,5,0,5,5,5,5,0,0,0,5,0,0,0,0,0,0,,0,0,0,,5,5,5,,0,0,0,0,0,0,0,0,0,0,0,0,5,5
"North Tyneside",,141.68,,,,,,,,,,,215,5,,200,0,0,5,5,5,,5,,25,80,,10,10,0,0,0,0,0,0,0,0,0,20,5,,30,10,,10,5,,0,5,40,60,0,10,0,,10,0,,25,75,25,65,0,5,,270,265,5,0,0,0,0,200,0,35,35,0,,165,,35,70,0,60,0,0,0,0,0,0,0,0,,5,,70,45,45,5,310,215,5,85,,170,30,0,10,0,0,15,,40,35,,0,0,30,45,0,75,,0,0,,5,0,5,5,5,5,0,0,0,5,0,0,5,0,0,0,,0,0,0,,0,0,0,,0,0,5,0,0,0,0,0,0,0,0,0,10,5
"Northumberland",,,,,161.13,,,,11,,,,235,25,,230,5,0,0,0,0,,20,,20,160,,5,10,5,5,0,0,0,0,0,0,0,0,20,,85,5,,10,10,,0,0,5,90,5,0,0,,5,5,,30,65,25,55,5,10,,295,295,0,0,0,0,0,180,0,20,75,20,,170,,55,65,5,50,0,0,0,0,0,0,0,0,,5,,65,70,25,5,300,235,25,30,,435,5,5,0,0,0,0,,35,20,,0,0,35,15,0,50,,0,0,,0,0,5,0,5,5,0,0,0,5,0,0,5,0,0,0,,0,0,0,,0,0,0,,0,0,0,0,0,0,0,0,0,0,0,0,0,0
"Redcar and Cleveland",,175,340,,,,,,9,6,,,135,10,,130,5,0,0,0,0,,5,,15,40,,5,10,0,0,0,0,0,15,0,0,0,0,0,,30,0,,10,5,,0,10,20,50,5,0,0,,5,5,,10,30,10,30,0,0,,190,190,0,0,0,0,0,120,10,5,45,5,,115,,40,35,0,25,0,0,0,0,0,5,0,0,,0,,45,45,25,0,210,135,30,20,,110,15,10,0,0,5,0,,35,20,,0,0,35,5,0,35,,0,0,,5,0,5,5,5,5,0,0,0,0,0,0,5,0,0,0,,0,5,5,,0,0,0,,0,0,0,0,0,0,0,0,0,0,0,0,0,0
"South Tyneside",,,,,150,,,,2,,,,145,15,,135,5,5,0,0,0,,0,,10,25,,0,10,0,0,0,0,0,0,0,0,0,0,5,,20,0,,10,0,,0,5,25,65,5,0,0,,5,5,,45,110,45,105,0,5,,205,200,0,0,0,0,0,160,0,10,30,0,,120,,45,45,0,20,0,0,0,0,0,5,0,0,,5,,60,45,10,0,195,145,25,20,,95,10,0,0,0,0,5,,20,15,,0,0,40,25,0,60,,0,0,,5,5,5,5,5,5,0,0,0,5,0,0,5,0,0,0,,0,5,0,,5,0,0,,0,0,0,0,0,0,0,0,0,0,0,0,0,0
"Stockton-on-Tees",,,,,271.62,,,,21,,,,245,5,,230,10,0,5,0,0,,0,,10,40,,5,5,0,0,0,0,0,10,0,0,0,0,0,,15,0,,15,15,,0,10,45,45,0,5,0,,5,0,,35,90,35,80,0,10,,315,310,0,0,0,0,5,215,0,50,55,0,,180,,55,50,0,70,0,0,0,0,0,10,0,0,,10,,65,70,45,5,355,245,50,50,,135,10,5,0,0,0,5,,30,25,,0,0,15,35,0,45,,0,0,,0,5,5,0,5,0,0,0,0,5,0,0,5,0,0,0,,0,0,0,,0,0,0,,0,0,0,0,0,0,0,0,0,0,0,0,0,0
"Sunderland","*",180.8,215.8,," "," ",,,4,15,,,345,15,,330,5,5,10,0,0,,0,,30,100,,15,15,0,0,0,0,0,15,0,0,0,5,10,,15,15,,5,0,,0,20,45,240,0,0,0,,0,0,,30,70,15,30,10,40,,465,450,0,0,0,0,10,290,0,55,5,115,,270,,25,145,0,95,0,0,0,0,5,0,0,0,,45,,90,90,50,10,450,345,45,60,,35,35,5,15,0,0,15,,85,75,,0,0,80,80,0,160,,0,0,,5,5,10,5,15,5,0,0,0,5,0,0,0,0,5,0,,0,0,0,,0,0,0,,0,0,0,0,0,0,0,0,0,0,0,0,0,0
"North West",,,,,,,,,,,,,6720,510,,5785,445,175,180,85,50,,220,,540,2400,,255,200,70,15,5,15,20,260,0,0,10,100,135,,1410,150,,590,150,,20,300,900,1255,145,115,5,,260,145,,890,2195,750,1795,140,405,,8165,7420,75,205,140,40,285,5025,105,1240,1310,485,,4825,,1470,1570,10,1560,5,5,0,0,45,130,35,0,,215,,1660,1490,1460,120,9545,6720,1710,1085,,6550,885,190,285,130,10,270,,1005,605,,5,15,490,700,0,1205,,15,5,,175,135,310,170,320,180,15,55,60,180,45,80,155,40,35,80,,5,120,90,,15,15,10,,10,5,55,25,0,0,20,10,20,10,25,10,130,60
"Blackburn with Darwen","*",225,205,185,,,,,5,,,,190,5,,170,5,15,0,0,0,,0,,15,20,,10,5,0,0,0,0,0,0,0,0,0,5,10,,0,15,,0,0,,0,0,0,0,0,0,0,,0,0,,25,50,20,45,5,5,,200,170,0,25,0,0,0,135,0,5,50,5,,115,,30,50,0,30,0,0,0,0,0,0,0,0,,10,,30,40,40,0,230,190,45,0,,155,15,5,0,0,0,10,,25,15,,0,0,5,10,0,15,,0,0,,0,5,5,0,10,5,0,0,0,0,0,5,5,0,0,0,,0,5,5,,0,0,0,,0,0,0,0,0,0,0,0,0,0,0,0,0,0
"Blackpool","*",127,,,0,100,200,,3,6,4,,305,10,,280,15,5,0,5,0,,20,,35,80,,10,20,0,0,0,0,0,30,0,0,0,5,0,,55,5,,25,15,,0,20,70,55,5,0,0,,5,5,,40,100,40,95,0,5,,270,270,0,0,0,0,0,210,0,55,5,0,,170,,50,60,0,50,0,0,0,0,0,10,0,0,,20,,30,15,110,15,450,305,10,135,,135,5,0,0,0,0,5,,30,25,,0,0,0,45,0,45,,0,0,,5,0,5,5,5,5,0,0,0,5,0,0,5,0,0,0,,0,5,5,,0,0,0,,0,0,5,0,0,0,0,0,0,0,0,0,5,5
"Bolton",,188,,,188,,,,17,,,,375,10,,310,20,0,20,5,15,,15,,30,130,,15,10,0,0,0,0,0,15,0,0,0,5,5,,120,5,,15,0,,0,15,25,80,5,10,0,,15,5,,30,75,25,55,5,20,,430,405,5,20,5,0,0,315,10,105,5,0,,250,,75,115,0,55,0,0,0,0,0,0,0,0,,20,,70,100,80,0,510,375,90,55,,65,20,0,0,0,0,20,,20,15,,0,0,0,25,0,25,,0,0,,10,5,10,5,10,5,0,0,5,5,5,0,10,0,0,0,,0,5,0,,5,0,0,,0,0,0,0,0,0,0,0,0,0,0,0,5,0
"Bury",,262,,,,,,,,,,,160,20,,120,25,5,0,5,0,,5,,15,30,,10,5,0,0,0,0,0,0,0,0,0,5,5,,15,5,,40,0,,0,15,25,45,0,0,0,,0,0,,20,50,20,45,5,10,,185,165,0,10,5,0,0,100,0,45,40,0,,105,,25,40,0,40,0,0,0,0,0,0,0,0,,10,,45,35,20,5,195,160,5,30,,260,0,0,0,0,0,0,,15,10,,0,0,20,5,0,25,,0,0,,5,5,10,10,10,5,0,0,0,10,0,0,5,0,0,5,,0,0,0,,0,0,0,,0,0,0,0,0,0,0,0,0,0,0,0,5,0
"Cheshire East","*",321,,,,,,,,,,,185,20,,175,10,5,0,0,0,,0,,25,115,,15,10,5,0,0,0,0,15,0,0,0,10,5,,100,0,,40,10,,5,35,60,50,5,0,0,,10,5,,50,115,45,105,5,10,,245,235,5,0,5,0,0,190,0,20,30,0,,145,,40,55,0,35,0,0,0,0,0,10,5,0,,10,,85,35,20,5,230,185,25,20,,275,10,0,5,0,0,5,,20,15,,0,0,20,60,0,80,,0,0,,5,5,10,5,10,5,0,0,0,0,0,5,0,0,0,5,,0,5,0,,0,0,0,,0,0,0,0,0,0,0,0,0,0,0,0,5,0
"Cheshire West and Chester",,222.21,,,222.21,,,,8,,,,230,10,,220,5,5,5,0,0,,5,,20,55,,10,5,5,0,0,0,0,10,0,0,0,5,5,,15,10,,10,0,,0,0,60,35,10,5,0,,10,10,,20,55,20,50,0,5,,300,300,0,0,0,0,0,215,5,40,40,0,,175,,35,80,0,45,0,0,0,0,0,10,0,0,,10,,65,60,45,5,340,230,105,0,,330,15,10,0,0,0,0,,40,20,,0,0,30,35,0,60,,0,0,,10,5,15,15,15,5,0,0,5,10,0,5,10,5,0,0,,0,15,5,,0,0,0,,0,0,0,0,0,0,0,0,0,0,0,0,5,0
"Cumbria",,165.06,,,,,,,4,,,,270,15,,250,15,0,5,0,0,,10,,15,50,,10,5,0,0,0,0,0,5,0,0,0,5,5,,15,10,,30,5,,0,10,55,65,5,0,0,,10,5,,30,85,30,80,0,5,,385,380,0,0,5,0,0,295,5,15,65,10,,215,,80,70,0,35,0,0,0,0,5,25,0,0,,0,,65,70,65,15,465,270,75,110,,380,40,15,5,5,0,15,,35,10,,0,0,10,30,0,35,,0,0,,5,10,20,10,20,10,0,5,5,10,0,5,10,0,0,5,,0,5,0,,0,0,0,,0,0,5,0,0,0,0,0,0,0,0,0,5,0
"Halton","*",200,,,,,,,,,,,100,5,,95,0,0,0,0,0,,5,,5,15,,5,0,0,0,0,0,0,5,0,0,0,0,0,,10,0,,5,0,,0,5,5,20,5,0,0,,5,5,,5,15,5,15,0,0,,130,130,0,0,0,0,0,100,0,30,0,0,,75,,35,35,0,10,0,0,0,0,0,0,0,0,,5,,25,35,15,0,145,100,20,25,,165,15,0,0,0,0,15,,15,5,,0,0,0,5,0,5,,0,0,,5,0,5,5,5,5,0,0,0,5,0,0,5,0,0,0,,0,0,0,,0,0,0,,0,0,0,0,0,0,0,0,0,0,0,0,0,0
"Knowsley",,164.31,,,164.31,207.3314285714,285.925,424.77,2,7,8,1,155,10,,150,5,0,0,0,0,,0,,5,60,,5,0,0,0,0,0,0,0,0,0,0,0,5,,40,0,,15,0,,0,5,55,0,0,0,0,,5,0,,15,40,10,20,5,20,,195,100,0,0,0,0,95,145,0,5,5,40,,120,,20,60,0,35,0,0,0,0,0,5,0,0,,0,,40,50,25,0,230,155,60,10,,85,15,5,5,0,0,10,,25,15,,0,0,25,5,0,30,,0,0,,5,0,5,0,5,5,0,0,0,5,0,0,0,0,0,0,,0,5,0,,0,0,0,,0,0,0,0,0,0,0,0,0,0,0,0,0,0
"Lancashire",,250,,,,,,,,,,,725,60,,650,40,35,0,0,5,,15,,25,65,,10,10,5,0,0,0,0,20,0,0,0,0,0,,65,0,,20,10,,0,0,0,110,0,15,0,,15,0,,110,270,95,215,20,50,,885,815,5,25,5,5,30,435,5,100,15,335,,505,,215,165,0,110,0,0,0,0,15,0,0,0,,5,,95,40,360,10,1305,725,525,55,,965,125,50,35,0,0,45,,150,55,,0,0,30,110,0,145,,0,0,,5,10,15,5,20,10,0,0,5,10,0,5,5,5,0,0,,0,10,10,,5,5,5,,0,0,0,0,0,0,0,0,0,0,5,0,5,0
"Liverpool",,215,,,,,,,53,,,,515,30,,425,45,5,30,5,5,,0,,20,80,,15,5,5,0,0,0,0,0,0,0,0,0,20,,80,0,,25,0,,0,0,0,70,15,0,0,,20,15,,60,190,50,170,10,25,,560,515,0,0,20,5,15,145,10,215,180,5,,345,,70,105,0,155,0,0,0,0,0,15,0,0,,5,,165,120,50,10,605,515,95,0,,445,10,5,0,0,0,5,,45,35,,0,0,60,60,0,120,,0,0,,5,5,10,0,10,5,0,0,5,5,0,0,5,0,0,0,,0,5,0,,0,0,0,,0,0,5,5,0,0,0,0,0,0,0,0,5,5
"Manchester",,,,,,,,,,,,,470,35,,275,95,35,60,10,0,,15,,35,95,,10,20,5,0,0,0,5,20,0,0,5,5,0,,70,5,,100,15,,10,40,70,175,15,20,0,,35,15,,45,115,20,50,25,65,,570,460,30,35,40,5,0,370,5,75,120,0,,380,,115,95,0,145,0,5,0,0,10,5,5,0,,15,,125,135,85,10,690,470,65,150,,820,45,25,10,0,0,10,,115,65,,0,0,40,60,0,105,,0,0,,10,5,10,10,10,5,0,0,5,5,0,5,0,5,5,5,,0,10,10,,0,0,0,,0,0,10,5,0,0,10,10,0,0,0,0,20,15
"Oldham",,,,,,,,,,,,,310,20,,225,40,20,20,0,5,,25,,40,125,,20,15,0,0,0,0,0,5,0,0,0,25,5,,80,10,,40,35,,0,15,55,95,15,5,0,,20,15,,135,290,125,270,10,20,,340,300,0,20,5,0,10,285,5,30,20,0,,200,,60,75,0,55,0,0,0,0,0,5,0,0,,15,,50,75,75,0,430,310,65,55,,215,35,10,5,0,0,15,,40,25,,0,5,55,15,0,75,,0,0,,15,15,30,15,30,20,0,5,5,25,0,5,20,0,5,10,,0,10,10,,0,0,0,,0,0,0,0,0,0,0,0,0,0,0,0,0,0
"Rochdale",,,,,,,,,,,,,280,15,,215,30,20,5,5,0,,10,,15,45,,5,5,5,0,0,0,0,15,0,0,0,0,0,,10,10,,35,0,,0,15,65,35,10,0,0,,10,10,,55,135,50,100,10,35,,295,270,0,20,0,5,0,200,0,10,85,0,,165,,55,80,0,25,0,0,0,0,0,0,0,0,,5,,45,75,40,5,340,280,40,30,,345,20,5,5,0,0,10,,20,5,,0,0,5,40,0,40,,0,0,,5,0,5,5,5,0,0,0,0,0,0,0,0,0,0,0,,0,0,0,,0,0,0,,0,0,0,0,0,0,0,0,0,0,0,0,5,5
"Salford",,,,,,,,,,,,,315,45,,265,15,10,5,20,5,,0,,10,15,,5,0,0,0,0,0,0,0,0,0,0,5,0,,15,0,,10,5,,0,5,15,15,5,0,0,,5,5,,40,100,35,90,5,10,,445,365,0,5,10,10,50,290,0,0,120,35,,260,,85,50,0,110,0,0,0,0,5,15,0,0,,0,,105,95,40,5,425,315,50,60,,165,15,5,5,0,0,5,,55,45,,0,0,0,35,0,35,,0,0,,5,10,15,10,15,10,0,0,5,5,0,10,10,0,0,0,,0,0,0,,0,0,0,,0,0,5,5,0,0,0,0,5,0,5,0,20,10
"Sefton",,,,,,,,,,,,,240,25,,235,5,0,0,5,0,,10,,15,55,,0,10,5,0,0,0,0,5,0,0,0,0,0,,35,5,,25,0,,0,20,45,35,5,0,0,,10,5,,25,50,20,45,0,5,,275,220,0,0,0,0,55,140,5,45,70,25,,165,,55,30,0,80,0,0,0,0,0,0,0,0,,30,,70,55,35,5,300,240,55,10,,245,65,5,30,15,0,15,,45,30,,0,0,25,20,0,45,,0,0,,10,5,20,15,20,10,0,5,0,15,5,0,10,5,0,0,,0,5,0,,0,0,0,,0,0,0,0,0,0,0,0,0,0,5,0,5,0
"St. Helens",,,,,,,,,,,,,215,15,,205,5,0,0,0,0,,10,,20,200,,5,10,5,5,5,5,0,10,0,0,0,0,0,,145,0,,5,0,,0,5,20,25,0,10,0,,10,0,,10,20,5,15,0,5,,310,295,0,0,0,0,15,130,0,10,125,40,,185,,35,50,0,100,0,0,0,0,0,0,0,0,,5,,95,55,20,0,265,215,40,10,,70,110,5,80,20,0,5,,40,35,,0,0,5,5,0,10,,0,0,,0,0,0,0,0,0,0,0,0,0,0,0,0,0,0,0,,0,0,0,,0,0,0,,0,0,0,0,0,0,0,0,0,0,0,0,0,0
"Stockport",,,,,,,,,,,,,195,35,,165,15,0,0,5,5,,15,,20,135,,5,10,5,5,0,0,5,10,0,0,0,0,5,,65,0,,15,5,,0,10,50,60,10,0,0,,10,10,,5,15,5,15,0,0,,305,285,5,5,5,0,5,225,0,30,50,0,,175,,55,55,0,40,0,0,0,0,0,15,15,0,,5,,65,65,35,5,335,195,30,80,,285,25,5,0,0,0,15,,30,20,,0,0,30,10,0,40,,0,0,,5,0,5,10,10,5,0,0,0,5,0,0,0,5,0,0,,0,0,0,,5,5,0,,0,0,0,0,0,0,0,0,0,0,0,0,0,0
"Tameside",,,,,,,,,,,,,295,15,,265,10,15,5,0,0,,5,,35,215,,20,10,5,0,0,0,0,25,0,0,0,5,10,,145,5,,30,25,,0,25,50,60,10,5,0,,15,10,,50,110,45,90,5,15,,375,345,5,20,5,0,5,230,10,50,90,0,,215,,40,65,0,105,0,0,0,0,0,5,0,0,,5,,100,65,40,0,355,295,15,35,,125,115,5,35,40,5,35,,60,50,,0,0,40,35,0,75,,0,0,,10,5,15,10,15,10,0,5,0,0,5,10,10,0,0,5,,0,5,5,,0,0,0,,0,0,0,0,0,0,0,0,0,0,0,0,5,5
"Trafford",,,,,,,,,,,,,240,5,,190,25,0,20,0,5,,0,,35,115,,25,5,5,0,0,0,0,15,0,0,0,10,10,,20,25,,35,0,,0,10,25,25,0,15,0,,15,0,,20,55,15,50,0,10,,265,235,0,5,20,5,0,130,0,50,90,0,,165,,70,15,0,70,0,0,0,0,0,0,5,0,,10,,75,45,30,10,310,240,55,25,,200,20,5,0,0,0,15,,40,30,,0,0,20,30,0,50,,0,0,,0,5,5,5,5,0,0,5,0,0,0,5,0,0,0,0,,0,0,0,,0,0,0,,0,0,0,0,0,0,0,0,5,0,0,0,10,0
"Warrington",,,,,,,,,,,,,205,30,,200,0,0,0,5,0,,5,,20,170,,5,10,5,0,0,0,0,10,0,0,0,0,5,,125,0,,40,10,,0,5,60,30,5,0,0,,5,5,,30,85,25,55,5,30,,295,285,0,5,5,0,0,205,30,55,10,0,,165,,45,60,0,60,0,0,0,0,0,0,0,0,,5,,45,35,75,0,345,205,75,65,,335,20,10,5,0,0,5,,35,20,,0,0,0,15,0,20,,0,0,,10,10,25,10,25,15,0,5,5,20,5,0,20,0,0,0,,0,0,0,,0,0,0,,0,0,0,0,0,0,0,0,0,0,5,5,5,5
"Wigan",,,,,,,,,,,,,270,30,,255,15,0,0,5,0,,20,,30,250,,15,15,5,0,0,0,0,5,0,0,0,0,30,,85,15,,30,10,,0,10,15,90,10,10,0,,20,10,,20,45,15,30,5,15,,375,370,0,0,0,0,0,335,0,30,10,0,,210,,115,70,0,25,0,0,0,0,0,0,0,0,,10,,45,95,65,5,445,270,100,75,,220,5,5,5,0,0,0,,35,10,,0,5,20,15,0,35,,0,0,,5,10,15,5,15,10,0,0,5,5,5,0,0,5,5,5,,0,15,15,,0,0,0,,0,0,5,0,0,0,5,0,0,0,0,0,10,0
"Wirral",,,,,,,,,,,,,460,40,,440,20,0,0,0,0,,25,,60,280,,30,25,5,0,0,0,0,45,0,0,0,10,5,,100,25,,0,0,,0,35,65,80,10,10,0,,20,10,,50,130,35,85,20,45,,520,505,10,0,0,0,5,205,5,225,85,0,,315,,65,90,0,135,5,0,0,0,5,15,0,0,,20,,120,100,90,0,600,460,80,45,,265,135,20,60,45,0,15,,65,45,,0,5,55,30,0,90,,0,0,,40,15,55,25,50,30,5,15,10,35,15,10,15,10,10,25,,0,10,10,,0,0,0,,0,0,5,5,0,0,0,0,0,0,0,0,10,5
"Yorkshire and The Humber",,,,,,,,,,,,,4545,345,,3720,430,150,120,105,20,,190,,495,1730,,250,195,40,5,5,0,5,180,0,0,5,100,195,,1125,125,,350,40,,15,205,670,790,140,65,30,,200,140,,545,1380,485,1205,60,180,,6365,5770,60,250,100,25,155,4170,70,975,620,525,,3755,,1085,1235,5,935,50,5,0,30,50,285,75,0,,165,,1580,1265,755,85,6735,4545,785,1225,,4245,485,115,105,40,5,220,,690,405,,0,0,355,440,0,795,,10,0,,140,60,200,145,200,130,20,20,25,125,45,30,90,20,30,55,,0,65,55,,55,30,15,,10,5,30,5,0,0,0,0,10,5,20,5,70,20
"Barnsley","*",188,,,,,,,10,,,,175,10,,175,0,0,0,0,0,,5,,10,15,,5,5,0,0,0,0,0,5,0,0,0,5,0,,5,5,,25,5,,0,10,35,35,0,0,0,,5,0,,20,45,20,40,0,5,,265,260,0,5,0,0,0,180,5,40,20,25,,150,,45,80,0,20,0,0,0,0,5,0,0,0,,0,,65,65,25,0,265,175,65,25,,125,35,5,5,0,0,20,,35,15,,0,0,5,25,0,30,,0,0,,0,0,0,0,5,0,0,0,0,0,0,0,0,0,0,0,,0,0,0,,0,0,0,,0,0,0,0,0,0,0,0,0,0,0,0,0,0
"Bradford",,145,,,,,,,33,,,,595,50,,405,110,60,10,0,5,,25,,50,110,,15,30,5,0,0,0,0,30,0,0,0,15,5,,70,15,,70,0,,0,25,100,90,15,15,0,,30,15,,60,175,45,105,20,70,,760,575,15,125,15,5,25,435,5,95,80,145,,450,,170,70,0,170,0,0,0,0,5,15,20,0,,10,,245,135,60,5,730,595,15,90,,525,150,5,50,25,0,70,,80,50,,0,0,75,5,0,80,,5,0,,10,5,15,10,15,10,0,0,0,5,5,5,5,0,0,5,,0,10,5,,0,0,0,,0,0,0,0,0,0,0,0,0,0,0,0,5,0
"Calderdale",,138.88,,,,,,,,,,,195,10,,165,5,10,0,10,5,,5,,15,25,,15,0,0,0,0,0,0,5,0,0,0,10,0,,20,0,,5,5,,0,5,30,15,5,0,0,,5,5,,10,30,10,20,5,10,,215,210,0,5,0,0,0,140,10,45,20,0,,125,,40,40,0,35,0,0,0,0,0,5,0,0,,20,,45,50,30,5,245,195,35,20,,155,5,5,0,0,0,0,,25,15,,0,0,0,25,0,25,,0,0,,10,0,10,10,5,10,0,0,0,0,5,5,5,0,0,5,,0,5,5,,0,0,0,,0,0,0,0,0,0,0,0,0,0,0,0,5,0
"Doncaster",,155,,,,,,,13,,,,215,25,,205,5,0,0,0,0,,0,,10,25,,10,5,0,0,0,0,0,0,0,0,0,0,10,,20,5,,5,0,,0,0,30,70,5,0,0,,5,5,,10,25,10,25,"..","..",,300,290,5,0,0,0,0,165,0,35,75,25,,175,,110,0,0,50,0,0,0,0,15,0,0,0,,0,,40,30,90,0,385,215,30,140,,185,35,5,10,5,0,10,,50,30,,0,0,60,15,0,75,,0,0,,5,0,5,5,5,0,0,0,0,0,0,0,5,0,0,0,,0,0,0,,0,0,0,,0,0,5,0,0,0,0,0,0,0,0,0,5,5
"East Riding of Yorkshire","*",270,176,,,,,," ",,,,210,15,,195,10,0,5,5,0,,5,,30,120,,15,15,0,0,0,0,0,20,0,0,0,5,0,,110,0,,5,0,,0,10,35,45,10,10,0,,15,10,,20,40,15,30,5,5,,335,295,0,0,0,0,40,280,5,45,5,0,,200,,80,25,0,50,40,0,0,0,0,0,0,0,,5,,80,65,30,5,320,210,55,50,,280,15,0,0,0,0,10,,30,15,,0,0,0,25,0,25,,0,0,,0,5,5,0,5,5,0,0,0,0,0,5,5,0,0,0,,0,0,0,,0,0,0,,0,0,0,0,0,0,0,0,0,0,0,0,0,0
"Kingston Upon Hull",,226.37,,,,,,,,,,,490,50,,460,15,5,5,10,0,,5,,45,120,,35,10,5,0,0,0,0,0,0,0,0,0,40,,55,10,,25,0,,0,25,45,100,35,0,0,,35,35,,50,130,50,130,0,0,,600,575,5,5,0,5,10,215,0,45,40,300,,350,,35,155,0,120,0,0,0,0,5,25,10,0,,50,,160,115,65,10,635,490,5,95,,420,65,5,20,5,5,30,,60,40,,0,0,70,35,0,110,,0,0,,15,0,15,15,15,10,5,0,0,15,0,0,10,0,0,0,,0,5,5,,0,0,0,,0,0,5,0,0,0,0,0,0,0,5,0,10,0
"Kirklees",,218.29,,,,,,,8,,,,290,15,,205,45,25,5,5,0,,10,,30,140,,15,5,5,0,0,0,0,20,0,0,0,10,0,,55,15,,20,0,,0,10,35,50,5,0,0,,5,5,,15,40,15,30,0,10,,385,330,5,45,10,0,0,285,20,55,30,0,,220,,60,100,0,50,0,0,0,0,5,5,0,0,,0,,100,80,35,5,385,290,50,50,,240,10,0,5,0,0,5,,15,10,,0,0,5,15,0,20,,0,0,,15,0,20,15,20,10,5,5,0,10,5,5,10,0,0,5,,0,10,10,,5,0,0,,0,0,0,0,0,0,0,0,0,0,0,0,5,0
"Leeds","*",188.54,,,,,,,65,,,,825,50,,610,125,25,55,15,0,,55,,90,260,,50,40,5,0,0,0,0,35,0,0,0,5,50,,135,30,,65,0,,0,55,125,105,35,5,25,,40,35,,110,300,105,275,5,20,,1225,1110,20,45,45,5,0,775,5,225,220,0,,765,,165,185,0,215,5,0,0,30,0,165,0,0,,30,,280,275,170,20,1415,825,115,430,,510,30,30,0,0,0,0,,165,95,,0,0,20,145,0,165,,0,0,,50,15,65,50,65,40,5,5,15,50,15,0,25,5,15,15,,0,0,0,,5,5,5,,0,0,5,0,0,0,0,0,0,0,5,0,10,5
"North East Lincolnshire","*",165,257,,,,,,3,,,,225,5,,210,10,0,0,0,0,,25,,20,160,,0,10,5,0,5,0,0,10,0,0,0,5,0,,155,0,,0,0,,0,0,0,15,0,0,0,,0,0,,50,115,40,95,10,20,,275,275,0,0,0,0,0,170,0,105,0,0,,170,,0,125,0,30,0,5,0,0,5,5,0,0,,10,,55,45,45,15,345,225,115,0,,50,5,5,0,0,0,0,,30,15,,0,0,0,0,0,0,,0,0,,0,0,0,0,0,0,0,0,0,0,0,0,0,0,0,0,,0,0,0,,35,15,0,,0,0,0,0,0,0,0,0,0,0,0,0,5,0
"North Lincolnshire","*",109.5,,,,,,,,,,,190,15,,165,0,0,5,15,0,,5,,40,185,,20,15,5,0,0,0,0,10,0,0,0,20,5,,155,5,,30,10,,0,0,35,55,5,0,0,,10,5,,30,75,30,75,0,0,,215,205,0,5,0,0,0,170,0,40,5,0,,125,,40,60,0,15,0,0,0,0,0,5,0,0,,15,,25,55,40,5,275,190,20,45,,145,30,10,5,0,0,10,,25,10,,0,0,0,35,0,35,,0,0,,0,0,0,0,0,0,0,0,0,0,0,0,0,0,0,0,,0,0,0,,5,0,0,,0,0,0,0,0,0,0,0,0,0,0,0,0,0
"North Yorkshire",,205.62,120.82,,,,,,29,,,,310,30,,275,15,5,0,15,0,,20,,65,240,,30,30,0,0,0,0,0,5,0,0,0,5,50,,165,10,,50,15,,0,0,40,60,10,10,0,,20,10,,30,75,25,60,5,10,,540,535,0,0,0,0,0,425,10,65,45,0,,310,,60,150,0,75,0,0,0,0,0,10,15,0,,10,,180,80,35,5,475,310,70,95,,430,30,15,0,0,0,15,,55,35,,0,0,40,50,0,90,,0,0,,10,10,20,10,20,15,0,5,0,15,5,0,10,5,5,5,,0,0,0,,5,5,5,,0,0,0,0,0,0,0,0,0,0,0,0,5,0
"Rotherham",,189,,,,,,,19,,,,155,20,,130,10,5,0,0,0,,5,,15,100,,5,5,5,0,0,0,0,5,0,0,0,10,5,,70,0,,0,0,,10,35,40,35,0,5,0,,5,0,,70,180,70,180,0,0,,275,265,0,5,0,0,0,215,10,40,0,5,,150,,40,90,0,5,0,0,0,0,5,5,10,0,,0,,55,60,30,5,290,155,95,35,,200,25,5,0,0,0,20,,15,0,,0,0,5,20,0,20,,0,0,,0,10,10,5,10,5,0,5,0,5,5,5,0,0,0,10,,0,5,5,,0,0,0,,0,0,5,0,0,0,0,0,0,0,0,0,5,0
"Sheffield",,188,,,,,,,24,,,,325,20,,215,55,15,35,5,0,,15,,35,105,,15,15,5,0,0,0,0,30,0,0,0,0,0,,55,10,,30,0,,0,25,80,90,5,10,0,,15,5,,55,140,45,115,10,25,,475,380,5,5,20,5,55,330,0,75,40,25,,290,,85,115,0,40,0,0,0,0,10,35,0,0,,0,,145,105,35,0,465,325,25,85,,675,25,10,5,5,0,5,,65,35,,0,0,65,15,0,80,,0,0,,15,5,15,15,15,10,0,0,0,15,5,0,10,0,0,5,,0,5,0,,0,0,0,,0,0,0,0,0,0,0,0,0,0,5,0,5,0
"Wakefield","*",253,184,,,,,,11,,,,210,20,,180,10,0,0,20,0,,5,,20,50,,10,5,0,0,0,0,0,0,0,0,0,0,15,,20,10,,0,0,,0,0,30,15,0,0,0,,0,0,,0,0,0,0,0,0,,285,280,0,0,0,0,0,245,0,20,20,0,,155,,80,45,0,25,0,0,0,0,0,5,5,0,,5,,65,70,20,0,270,210,40,25,,180,15,0,5,0,0,10,,20,10,,0,0,0,15,0,15,,0,0,,5,0,5,5,5,5,0,0,0,5,0,0,5,0,0,0,,0,5,5,,0,0,0,,0,0,0,0,0,0,0,0,0,0,5,0,5,0
"York","*",220,,,,,,,,,,,140,5,,130,5,0,0,0,0,,5,,20,80,,5,10,5,0,0,0,0,5,0,0,0,5,10,,20,10,,15,5,,0,5,10,15,5,5,0,,15,5,,10,25,10,25,0,0,,210,185,0,0,0,0,20,145,0,40,25,0,,120,,60,5,0,40,0,0,0,0,0,5,10,0,,0,,45,30,45,0,235,140,45,40,,130,10,0,0,0,0,5,,30,25,,0,0,5,20,0,25,,0,0,,0,5,10,5,10,5,0,5,0,5,0,0,5,0,5,0,,0,10,5,,0,0,0,,0,0,0,0,0,0,0,0,0,0,5,0,5,0
"East Midlands ",,,,,,,,,,,,,2410,285,,1960,270,70,65,20,25,,120,,240,1150,,100,100,30,10,5,10,5,90,0,0,5,70,60,,705,60,,280,140,,10,155,385,650,35,130,40,,165,35,,320,980,300,900,20,85,,3715,3275,55,90,120,15,155,2600,135,495,430,55,,2160,,495,875,10,430,0,55,5,10,25,95,160,0,,80,,840,705,540,60,4130,2410,1005,580,,3050,295,90,45,15,5,135,,440,220,,5,10,180,325,5,520,,5,0,,80,65,145,80,150,85,10,30,20,85,25,35,45,15,30,55,,10,50,45,,30,15,10,,5,5,20,5,0,0,0,0,10,5,0,0,35,10
"Derby",,,,,,,,,,,,,105,15,,75,20,5,5,0,0,,10,,15,70,,5,5,5,0,0,5,0,0,0,0,0,5,5,,25,5,,0,0,,0,25,10,30,5,25,0,,25,5,,25,70,25,60,0,10,,180,150,0,0,10,0,20,140,5,30,5,0,,110,,35,45,0,10,0,0,0,0,0,15,0,0,,5,,55,40,15,0,180,105,15,30,,170,25,5,5,0,0,15,,15,5,,0,5,0,25,0,25,,0,0,,5,5,5,5,5,0,0,0,0,5,0,0,5,0,0,0,,0,0,0,,0,0,0,,0,0,0,0,0,0,0,0,0,0,0,0,5,5
"Derbyshire",,,,,,,,,,,,,325,45,,290,25,0,5,0,0,,25,,20,100,,10,10,5,0,0,0,0,15,0,0,0,0,0,,85,0,,35,5,,5,25,60,95,0,25,0,,25,0,,85,230,80,205,5,20,,665,630,5,5,5,5,10,570,0,95,0,0,,380,,20,190,0,35,0,55,0,0,5,40,35,0,,0,,160,165,50,0,650,325,85,150,,935,10,10,0,0,0,0,,60,30,,0,0,5,75,0,80,,0,0,,20,10,25,20,25,20,0,0,5,25,0,0,15,0,5,10,,0,5,5,,5,5,5,,5,0,0,0,0,0,0,0,0,0,0,0,5,0
"Leicester",,,,,,,,,,,,,365,50,,230,70,35,20,5,5,,20,,35,295,,15,15,5,5,0,0,0,5,0,0,0,20,15,,200,5,,55,0,,0,30,70,70,10,10,0,,15,10,,95,205,95,200,5,5,,440,335,10,60,30,5,0,185,35,40,130,45,,260,,60,90,0,95,0,0,0,0,0,0,10,0,,10,,100,90,60,10,495,365,125,5,,270,25,15,0,0,0,10,,60,35,,5,5,70,20,0,95,,0,0,,20,15,35,20,35,20,5,0,5,25,0,5,10,5,5,15,,5,0,0,,0,0,0,,0,0,0,0,0,0,0,0,0,0,0,0,0,0
"Leicestershire",,,,,,,,,,,,,250,10,,220,20,5,0,5,5,,20,,30,280,,5,15,5,5,0,5,0,20,0,0,0,5,0,,210,5,,5,5,,0,20,50,50,0,5,0,,5,0,,45,110,45,110,0,0,,395,275,5,5,5,0,105,205,55,15,110,10,,215,,40,65,5,80,0,0,0,5,5,0,10,0,,5,,105,85,20,5,355,250,10,80,,605,65,15,25,0,0,25,,60,30,,0,0,30,10,0,40,,0,0,,0,0,5,0,0,0,0,0,0,0,0,0,5,0,0,0,,0,0,0,,5,5,5,,0,0,5,0,0,0,0,0,0,0,0,0,10,0
"Lincolnshire",,,,,,,,,,,,,405,75,,385,15,5,0,0,0,,10,,35,80,,25,10,0,0,5,0,0,10,0,0,0,15,10,,50,5,,40,20,,0,5,80,140,15,10,0,,25,15,,25,55,25,55,0,0,,560,555,0,0,5,0,0,430,0,135,0,0,,310,,75,140,0,60,0,0,0,0,10,20,0,0,,30,,90,105,115,0,655,405,130,125,,235,40,5,5,5,0,20,,70,35,,0,5,35,85,0,120,,0,0,,10,5,15,10,15,15,0,0,0,10,5,0,10,0,0,5,,0,5,5,,0,0,0,,0,0,5,0,0,0,0,0,0,0,0,0,5,0
"Northamptonshire",,,,,,,,,,,,,415,30,,335,45,5,10,0,15,,25,,30,70,,20,10,5,0,0,0,0,15,0,0,0,5,10,,45,10,,5,0,,0,40,70,115,0,0,0,,0,0,,40,95,35,80,5,15,,585,540,10,5,20,5,0,290,0,135,155,0,,340,,45,155,5,105,0,0,0,0,5,10,15,0,,10,,165,115,45,5,550,415,45,85,,345,35,10,0,0,0,25,,90,60,,0,0,15,50,0,65,,0,0,,10,5,15,10,15,10,0,5,0,10,5,5,5,0,5,5,,0,15,10,,20,5,0,,0,0,5,0,0,0,0,0,0,0,0,0,5,0
"Nottingham",,,,,,,,,,,,,215,30,,140,45,10,20,5,0,,5,,20,35,,15,5,0,0,0,0,0,10,0,0,0,5,0,,15,10,,0,0,,5,10,25,70,0,15,0,,20,0,,5,5,5,5,0,0,,350,285,10,10,40,0,5,295,0,35,20,0,,220,,50,135,0,30,0,0,0,0,0,0,0,0,,10,,120,75,25,0,345,215,95,35,,360,65,20,10,5,0,30,,60,20,,0,0,20,25,0,45,,0,0,,5,10,15,5,20,5,5,5,0,10,0,5,0,0,10,5,,0,5,5,,0,0,0,,0,0,0,0,0,0,0,0,0,0,0,0,0,0
"Nottinghamshire",,,,,,,,,,,,,310,30,,265,30,5,5,5,0,,10,,50,210,,0,40,10,5,0,0,0,10,0,0,5,10,20,,75,20,,130,105,,0,0,15,80,0,40,40,,40,0,,"..",205,"..",175,"..",30,,500,470,5,5,10,0,10,460,35,0,5,0,,310,,165,40,0,10,0,0,0,0,0,5,85,0,,5,,35,25,210,35,865,310,485,70,,130,25,5,0,0,5,10,,25,10,,0,0,0,35,5,40,,0,0,,10,20,30,10,30,15,0,15,0,0,10,15,0,5,5,15,,5,5,5,,0,0,0,,0,0,0,0,0,0,0,0,0,0,0,0,0,0
"Rutland",,,,,,,,,,,,,25,5,,20,0,0,0,0,0,,0,,0,5,,0,0,0,0,0,0,0,0,0,0,0,0,0,,5,0,,0,0,,0,0,0,0,0,0,0,,0,0,,5,5,0,5,0,0,,40,40,0,0,0,0,0,30,0,10,0,0,,20,,5,10,0,5,0,0,0,0,0,0,0,0,,0,,10,10,5,0,35,25,10,5,,15,5,0,0,0,0,5,,5,0,,0,0,0,5,0,5,,0,0,,0,0,0,0,0,0,0,0,0,0,0,0,0,0,0,0,,0,0,0,,0,0,0,,0,0,0,0,0,0,0,0,0,0,0,0,0,0
"West Midlands",,,,,,,,,,,,,4495,590,,3405,630,160,180,70,50,,195,,290,1285,,145,85,45,15,0,0,5,120,0,5,30,55,65,,565,90,,165,45,,25,320,695,845,125,110,5,,230,125,,520,1285,490,1185,30,100,,5795,4950,85,275,305,25,155,3625,75,1285,555,250,,3400,,705,1445,15,1115,5,5,0,5,20,35,40,0,,220,,1535,1185,560,70,5865,4495,800,540,,3615,440,80,130,40,10,180,,660,445,,0,10,225,430,0,665,,5,0,,75,35,110,80,125,75,5,15,15,60,25,30,50,10,20,30,,5,60,40,,25,20,20,,20,5,55,10,0,0,5,0,15,10,25,10,120,40
"Birmingham",,,,,,,,,,,,,"..","..",,"..","..","..","..","..","..",,"..",,"..","..",,"..","..","..","..","..","..","..","..","..","..","..","..","..",,"..","..",,"..","..",,"..","..","..","..","..","..","..",,"..","..",,"..","..","..","..","..","..",,"..","..","..","..","..","..","..","..","..","..","..","..",,"..",,"..","..","..","..","..","..","..","..","..","..","..","..",,"..",,"..","..","..","..","..","..","..","..",,"..","..","..","..","..","..","..",,"..","..",,"..","..","..","..","..","..",,"..","..",,"..","..","..","..","..","..","..","..","..","..","..","..","..","..","..","..",,"..","..","..",,"..","..","..",,"..","..","..","..","..","..","..","..","..","..","..","..","..",".."
"Coventry",,,,,,,,,,,,,320,15,,220,60,5,20,5,0,,10,,30,195,,10,5,10,5,0,0,0,10,0,0,5,0,15,,75,10,,15,10,,15,5,65,60,5,15,0,,25,5,,50,135,50,135,"..","..",,400,345,0,30,20,5,0,165,10,175,50,0,,245,,45,140,0,60,0,0,0,0,5,0,0,0,,5,,125,75,40,10,425,320,90,20,,815,155,10,85,20,0,40,,60,30,,0,0,35,15,0,45,,0,0,,15,10,20,15,20,15,0,0,0,20,0,0,10,0,5,5,,5,0,0,,0,0,0,,0,0,0,0,0,0,0,0,5,0,5,0,10,5
"Dudley",,,,,,,,,,,,,330,15,,265,45,15,5,5,0,,10,,15,50,,15,0,0,0,0,0,0,0,0,0,0,15,0,,10,10,,0,0,,0,10,55,40,15,0,0,,15,15,,0,0,0,0,0,0,,470,430,5,10,10,0,10,240,5,30,30,165,,270,,55,90,0,115,0,0,0,0,0,10,0,0,,5,,110,95,40,5,435,330,20,70,,150,20,5,5,0,0,10,,60,35,,0,0,30,10,0,35,,0,0,,0,0,0,0,0,0,0,0,0,0,0,0,0,0,0,0,,0,0,0,,0,0,0,,0,0,0,0,0,0,0,0,0,0,10,5,10,5
"Herefordshire",,,,,,,,,,,,,195,20,,190,5,0,0,0,0,,10,,15,45,,10,5,0,0,0,0,0,15,0,0,0,0,0,,30,5,,0,0,,0,15,5,25,0,10,0,,15,0,,25,55,25,55,0,0,,270,250,0,0,0,5,20,225,0,30,10,0,,150,,25,65,0,55,0,5,0,0,0,0,0,0,,0,,50,35,50,5,295,195,100,0,,190,15,5,0,0,0,10,,35,20,,0,0,0,5,0,5,,0,0,,0,0,0,0,0,0,0,0,0,0,0,0,0,0,0,0,,0,0,0,,0,0,0,,0,0,5,0,0,0,0,0,0,0,0,0,5,0
"Sandwell",,,,,,,,,,,,,"..","..",,"..","..","..","..","..","..",,"..",,"..","..",,"..","..","..","..","..","..","..","..","..","..","..","..","..",,"..","..",,"..","..",,"..","..","..","..","..","..","..",,"..","..",,"..","..","..","..","..","..",,"..","..","..","..","..","..","..","..","..","..","..","..",,"..",,"..","..","..","..","..","..","..","..","..","..","..","..",,"..",,"..","..","..","..","..","..","..","..",,"..","..","..","..","..","..","..",,"..","..",,"..","..","..","..","..","..",,"..","..",,"..","..","..","..","..","..","..","..","..","..","..","..","..","..","..","..",,"..","..","..",,"..","..","..",,"..","..","..","..","..","..","..","..","..","..","..","..","..",".."
"Shropshire",,,,,,,,,,,,,200,10,,180,10,0,0,0,5,,5,,5,10,,0,5,0,0,0,0,0,5,0,0,0,0,0,,10,0,,5,5,,0,15,25,40,0,0,0,,5,0,,70,165,70,165,0,0,,250,250,0,0,0,0,0,125,0,70,50,0,,145,,40,30,0,65,0,0,0,0,5,0,5,0,,5,,60,55,25,5,260,200,30,35,,65,10,5,0,0,0,0,,35,30,,0,0,5,30,0,35,,0,0,,5,0,10,5,10,10,0,0,0,0,5,5,5,0,5,0,,0,5,5,,0,0,0,,0,0,5,0,0,0,0,0,0,0,0,0,5,0
"Solihull",,,,,,,,,,,,,190,30,,130,35,5,5,0,10,,20,,0,0,,0,0,0,0,0,0,0,0,0,0,0,0,0,,0,0,,0,0,,0,25,15,40,5,5,0,,10,5,,20,45,20,45,0,0,,245,200,10,15,15,0,10,140,0,20,85,0,,150,,20,55,0,65,0,0,0,0,0,5,5,0,,0,,85,50,15,0,235,190,5,35,,105,25,0,10,5,0,10,,30,20,,0,0,15,20,0,40,,0,0,,0,0,0,0,0,0,0,0,0,0,0,0,0,0,0,0,,0,0,0,,0,0,0,,0,0,0,0,0,0,0,0,0,0,5,0,5,0
"Staffordshire",,,,,,,,,,,,,490,40,,455,30,0,0,5,0,,5,,30,50,,20,10,0,0,0,0,0,30,0,0,0,0,0,,45,0,,25,10,,0,35,75,75,15,10,0,,25,15,,70,210,65,175,5,35,,655,625,5,5,5,0,15,490,0,160,5,0,,385,,95,155,0,105,0,0,0,0,5,0,25,0,,0,,195,110,65,15,665,490,120,55,,620,30,20,0,0,0,15,,85,55,,0,0,35,85,0,120,,0,0,,10,5,15,10,25,10,0,5,5,5,5,5,10,0,0,5,,0,15,5,,5,5,5,,0,0,5,0,0,0,0,0,0,0,0,0,10,5
"Stoke-on-Trent",,,,,,,,,,,,,335,20,,270,25,15,10,5,10,,5,,15,30,,5,10,0,0,0,0,0,0,0,0,0,0,15,,20,5,,20,5,,0,20,40,15,5,0,0,,5,5,,75,185,70,175,5,10,,480,445,5,15,0,5,10,310,0,65,55,50,,270,,35,125,0,110,0,0,0,0,0,0,0,0,,0,,155,80,35,0,420,335,45,40,,100,25,5,10,0,0,15,,50,35,,0,0,35,10,0,40,,0,0,,5,5,10,5,10,5,0,0,0,5,0,0,5,0,0,5,,0,0,0,,0,0,0,,0,0,5,0,0,0,0,0,0,0,0,0,10,5
"Telford and Wrekin",,,,,,,,,,,,,150,15,,130,20,0,0,0,0,,5,,10,40,,5,5,0,0,0,0,0,5,0,0,0,0,0,,30,0,,10,0,,0,10,25,30,0,0,0,,0,0,,35,70,30,60,5,10,,190,185,5,0,0,0,0,150,5,25,5,0,,105,,20,55,0,25,0,0,0,0,0,0,0,0,,0,,30,40,25,5,200,150,25,25,,105,60,0,15,5,10,25,,10,5,,0,0,0,25,0,25,,0,0,,5,0,5,5,5,5,0,0,0,5,0,0,5,0,0,0,,0,5,5,,0,0,0,,5,0,0,0,0,0,0,0,0,0,0,0,10,0
"Walsall",,,,,,,,,,,,,290,20,,200,55,15,10,0,5,,20,,30,120,,15,10,5,0,0,0,0,15,0,0,0,5,10,,45,15,,0,0,,0,20,50,60,0,0,0,,0,0,,10,20,10,20,0,0,,360,305,5,20,30,0,0,225,0,75,60,0,,205,,35,95,0,75,0,0,0,0,0,0,5,0,,5,,90,85,30,5,355,290,35,35,,95,10,5,0,0,0,5,,25,15,,0,0,20,20,0,40,,0,0,,5,0,5,5,5,5,0,0,0,0,0,5,5,0,0,0,,0,5,5,,0,0,0,,0,0,5,0,0,0,0,0,0,0,0,0,5,0
"Warwickshire",,,,,,,,,,,,,375,15,,305,30,10,15,15,0,,45,,75,530,,30,20,20,5,0,0,5,5,0,5,20,20,15,,155,25,,10,0,,0,25,100,60,20,30,0,,45,20,,35,95,30,65,10,30,,445,420,0,5,5,5,15,315,0,70,35,25,,265,,50,110,5,75,5,5,0,0,0,0,10,0,,5,,100,95,70,0,505,375,85,50,,300,5,5,0,0,0,0,,50,35,,0,0,10,90,0,100,,0,0,,5,0,5,10,5,5,0,0,0,0,0,5,0,0,0,0,,0,5,5,,5,5,5,,5,0,0,0,0,0,0,0,0,0,0,0,10,5
"Wolverhampton",,,,,,,,,,,,,270,260,,160,60,10,20,15,5,,0,,10,20,,5,0,5,5,0,0,0,5,0,0,0,0,0,,20,0,,0,0,,10,10,25,65,0,5,0,,5,0,,85,195,80,180,5,15,,390,250,5,25,40,0,70,175,0,195,20,0,,230,,130,35,0,65,0,0,0,0,0,0,0,0,,170,,85,125,5,10,375,270,70,50,,190,25,15,0,0,0,15,,50,30,,0,0,0,20,0,20,,0,0,,0,0,0,0,0,0,0,0,0,0,0,0,0,0,0,0,,0,0,0,,0,0,0,,0,0,10,0,0,0,0,0,0,0,0,0,10,0
"Worcestershire",,,,,,,,,,,,,365,15,,325,35,5,0,5,0,,20,,25,85,,15,5,0,0,0,0,0,10,0,0,0,5,10,,55,10,,35,0,,0,30,60,45,10,0,0,,10,10,,45,105,45,105,0,5,,470,445,10,5,5,0,0,250,10,175,30,0,,270,,10,135,0,115,0,0,0,0,0,5,0,0,,5,,120,90,55,5,485,365,45,55,,120,25,10,0,0,0,15,,60,45,,0,0,40,30,0,70,,0,0,,5,0,5,5,10,5,0,0,0,0,0,5,0,0,0,5,,0,5,5,,15,10,10,,0,0,0,0,0,0,0,0,0,0,0,0,5,5
"East of England",,,,,,,,,,,,,3015,300,,2370,270,70,95,90,115,,110,,335,1165,,165,115,40,15,0,5,0,110,0,5,10,75,130,,505,135,,360,35,,15,205,420,795,110,100,20,,205,110,,365,890,335,805,30,80,,4340,3870,35,110,155,35,135,2845,35,495,560,405,,2570,,905,985,0,420,0,5,5,25,50,75,95,10,,80,,950,960,565,50,4755,3015,825,890,,3385,335,130,55,10,0,135,,455,195,,0,5,180,350,0,535,,5,0,,85,75,160,80,155,85,10,40,25,90,30,40,80,25,25,30,,0,40,30,,10,5,10,,10,0,25,10,5,0,0,0,10,5,20,5,70,20
"Bedford Borough",,,,,,,,,,,,,95,5,,55,25,0,10,0,0,,5,,15,35,,5,10,0,0,0,5,0,5,0,0,0,5,0,,15,5,,0,0,,0,5,40,20,0,0,0,,5,0,,0,0,0,0,0,0,,155,140,5,5,5,5,0,90,0,45,15,0,,90,,15,55,0,15,0,0,0,5,0,0,0,0,,0,,40,30,20,0,165,95,50,20,,160,5,5,0,0,0,0,,20,10,,0,0,5,10,0,15,,0,0,,20,5,20,20,20,5,0,15,0,10,5,5,10,10,5,0,,0,5,5,,0,0,0,,0,0,0,0,0,0,0,0,0,0,0,0,5,0
"Cambridgeshire",,,,,,,,,,,,,240,15,,205,20,5,0,5,5,,10,,50,235,,30,15,5,0,0,0,0,40,0,0,5,5,5,,210,5,,25,5,,5,35,55,70,10,15,0,,25,10,,55,155,45,125,10,25,,320,315,0,0,5,0,0,215,20,35,25,25,,185,,50,85,0,25,0,0,0,10,0,5,15,0,,15,,70,75,35,5,340,240,60,40,,390,10,10,0,0,0,0,,35,10,,0,0,5,10,0,15,,0,0,,5,0,5,5,5,5,0,0,0,5,0,0,0,0,0,0,,0,5,5,,0,0,0,,0,0,5,0,0,0,0,0,0,0,0,0,5,0
"Central Bedfordshire",,,,,,,,,,,,,115,0,,95,5,5,5,5,0,,15,,10,30,,5,5,0,0,0,0,0,0,0,0,0,5,0,,20,0,,10,0,,0,25,20,10,0,0,0,,0,0,,15,40,15,40,0,0,,175,155,0,5,10,0,0,145,0,30,0,0,,95,,30,40,0,10,0,0,0,5,0,5,0,0,,0,,30,50,15,0,180,115,30,25,,110,25,10,10,0,0,0,,10,0,,0,0,0,10,0,15,,0,0,,5,0,5,5,5,5,0,0,0,5,0,0,5,0,0,0,,0,0,0,,0,0,0,,0,0,0,0,0,0,0,0,0,0,0,0,0,0
"Essex",,,,,,,,,,,,,525,30,,430,45,10,15,20,0,,25,,65,255,,20,30,10,5,0,0,0,25,0,5,5,20,10,,15,55,,160,0,,0,50,105,130,30,20,0,,50,30,,75,195,60,165,10,30,,825,755,5,5,15,10,30,665,0,150,5,5,,470,,115,280,0,35,0,0,0,0,20,0,15,0,,0,,130,170,150,15,975,525,255,195,,1140,100,40,20,0,0,45,,85,15,,0,0,0,65,0,65,,0,0,,0,30,30,0,30,15,5,5,5,5,15,10,15,5,5,5,,0,5,5,,0,0,5,,5,0,5,0,0,0,0,0,0,0,0,0,5,0
"Hertfordshire",,,,,,,,,,,,,470,35,,370,50,10,25,15,0,,10,,55,90,,40,10,0,0,0,0,0,0,0,0,0,15,40,,35,30,,70,15,,0,40,95,115,15,10,0,,25,15,,40,105,35,90,5,15,,785,670,10,30,50,15,15,565,10,110,90,10,,460,,85,260,0,50,0,0,0,0,10,25,30,0,,0,,210,190,60,5,780,470,65,240,,185,40,20,20,0,0,0,,75,30,,0,0,50,65,0,115,,0,0,,10,5,10,10,10,10,5,0,0,5,0,10,5,0,5,0,,0,5,5,,0,0,5,,5,0,0,0,0,0,0,0,0,0,0,0,10,0
"Luton",,,,,,,,,,,,,120,5,,55,30,25,10,0,0,,10,,15,35,,5,10,0,0,0,0,0,10,0,0,0,5,0,,15,5,,20,5,,0,15,25,45,10,0,0,,10,10,,20,60,20,55,0,5,,250,150,5,50,35,0,15,115,0,60,80,0,,155,,20,45,0,65,0,5,0,0,5,0,15,0,,0,,55,45,20,0,200,120,60,25,,125,10,5,0,0,0,10,,30,25,,0,0,10,30,0,40,,0,0,,0,0,5,0,5,5,0,0,0,0,0,0,5,0,0,0,,0,0,0,,0,0,0,,0,0,0,0,0,0,0,0,0,0,0,0,5,0
"Norfolk",,,,,,,,,,,,,490,100,,370,10,0,5,0,105,,5,,25,40,,15,10,0,0,0,0,0,5,0,0,0,0,20,,35,5,,15,5,,0,0,0,145,0,30,0,,30,0,,75,170,75,165,0,5,,640,570,5,0,10,0,55,310,0,5,15,310,,395,,295,0,0,75,0,0,0,0,5,20,0,0,,0,,140,125,110,15,785,490,55,235,,400,50,15,0,0,0,35,,85,45,,0,0,25,80,0,110,,0,0,,20,10,30,10,25,10,5,10,10,25,0,5,5,0,5,15,,0,5,5,,0,0,0,,0,0,15,5,0,0,0,0,5,5,15,5,35,15
"Peterborough",,,,,,,,,,,,,160,15,,125,20,5,5,0,5,,5,,20,90,,10,5,5,5,0,0,0,10,0,0,0,10,5,,30,0,,0,0,,5,15,15,55,25,0,0,,25,25,,15,25,15,25,0,0,,195,175,0,5,0,0,15,140,0,0,0,50,,115,,85,0,0,15,0,0,0,5,5,0,0,10,,0,,35,40,30,5,235,160,75,0,,210,10,10,0,0,0,0,,20,10,,0,0,10,25,0,30,,0,0,,5,5,10,5,10,10,0,0,0,5,0,0,5,0,0,0,,0,10,10,,0,0,0,,0,0,0,0,0,0,0,0,0,0,0,0,5,0
"Southend-on-Sea",,,,,,,,,,,,,190,20,,160,20,0,5,5,0,,10,,35,145,,10,15,5,0,0,0,0,0,0,0,0,0,35,,40,15,,35,0,,0,5,20,50,0,0,5,,0,0,,10,30,10,30,0,0,,175,165,5,0,0,0,5,60,0,0,115,0,,115,,25,65,0,25,0,0,0,0,0,0,0,0,,15,,30,55,25,5,225,190,45,0,,10,25,5,0,0,0,20,,20,10,,0,0,0,25,0,25,,0,0,,10,10,25,10,25,10,0,10,5,15,5,5,10,5,0,5,,0,0,0,,0,0,0,,0,0,0,0,0,0,0,0,0,0,0,0,0,0
"Suffolk",,,,,,,,,,,,,485,65,,405,30,5,5,40,0,,5,,35,95,,25,5,5,0,0,0,0,15,0,0,0,15,5,,80,0,,15,0,,0,10,35,120,15,10,0,,25,15,,55,110,55,110,0,0,,650,635,0,5,15,0,0,445,0,35,175,0,,395,,145,110,0,90,0,0,0,0,5,20,20,0,,45,,170,145,75,0,690,485,90,80,,415,30,10,0,5,0,10,,55,30,,0,0,60,25,0,80,,0,0,,10,5,15,10,15,10,0,0,5,10,0,0,15,0,0,0,,0,10,0,,0,0,0,,0,0,0,0,0,0,0,0,0,0,0,0,0,0
"Thurrock",,,,,,,,,,,,,125,5,,95,15,0,5,5,0,,10,,20,105,,10,5,0,5,0,0,0,0,0,0,0,5,15,,10,15,,5,5,,0,5,10,40,5,5,15,,10,5,,0,0,0,0,0,0,,165,145,0,5,15,0,0,90,5,30,40,0,,100,,35,40,0,20,0,0,0,0,0,0,0,0,,5,,40,30,25,0,185,125,35,30,,235,25,5,10,0,0,15,,15,10,,0,0,15,10,0,25,,0,0,,0,5,5,0,5,0,0,0,0,5,0,0,0,0,0,0,,0,0,0,,0,0,0,,0,0,0,0,0,0,0,0,0,0,0,0,5,0
"London",,,,,,,,,,,,,3720,230,,1380,660,360,1050,260,5,,200,,610,3860,,195,225,115,70,0,15,5,280,5,10,30,120,150,,1485,225,,355,120,,20,330,490,1305,195,135,60,,330,195,,545,1335,485,1165,60,170,,5245,2280,140,570,2005,165,85,3700,90,615,695,140,,3520,,760,2025,5,585,10,0,0,5,10,65,40,10,,140,,1585,1285,565,35,6005,3720,1465,815,,5155,400,105,90,60,0,145,,585,315,,15,5,285,375,0,680,,10,5,,105,55,160,120,165,60,25,35,45,85,35,40,85,25,10,40,,5,60,35,,10,10,10,,20,5,35,20,5,5,20,10,35,15,15,5,135,65
"Inner London",,,,,,,,,,,,,1485,95,,385,285,130,590,90,5,,105,,290,1705,,90,105,60,35,0,15,5,165,5,5,15,40,45,,520,115,,155,70,,5,110,235,560,110,75,45,,185,110,,235,565,220,535,15,35,,2170,705,70,245,1060,55,35,1575,50,220,300,30,,1550,,240,970,5,250,5,0,0,5,10,25,35,10,,40,,795,505,210,10,2485,1485,660,340,,2630,120,35,20,15,0,45,,235,120,,5,5,135,110,0,255,,5,0,,40,20,60,45,60,25,10,15,10,40,15,10,35,10,5,10,,5,25,5,,0,0,0,,5,0,15,10,5,0,5,5,30,15,10,5,70,35
"Camden","*",217,301,,,,,,12,,,,70,5,,25,15,10,15,5,0,,5,,10,50,,0,5,5,0,0,0,0,5,0,0,5,0,0,,15,5,,5,0,,0,5,20,20,5,0,0,,5,5,,10,20,5,20,0,0,,105,45,10,10,40,0,0,85,5,15,5,0,,75,,10,50,0,10,0,0,0,0,0,0,0,0,,5,,40,30,5,0,125,70,30,25,,145,40,0,5,10,0,20,,15,10,,0,0,10,5,0,20,,0,0,,5,5,5,5,5,0,0,0,5,5,5,0,5,0,0,0,,0,0,0,,0,0,0,,0,0,0,0,0,0,0,0,0,0,0,0,0,0
"City of London",,,,,,,,,,,,,"..","..",,"..","..","..","..","..","..",,"..",,"..","..",,"..","..","..","..","..","..","..","..","..","..","..","..","..",,"..","..",,"..","..",,"..","..","..","..","..","..","..",,"..","..",,"..","..","..","..","..","..",,"..","..","..","..","..","..","..","..","..","..","..","..",,"..",,"..","..","..","..","..","..","..","..","..","..","..","..",,"..",,"..","..","..","..","..","..","..","..",,"..","..","..","..","..","..","..",,"..","..",,"..","..","..","..","..","..",,"..","..",,"..","..","..","..","..","..","..","..","..","..","..","..","..","..","..","..",,"..","..","..",,"..","..","..",,"..","..","..","..","..","..","..","..","..","..","..","..","..",".."
"Hackney",,241,,,,,,,,,,,140,20,,45,30,10,55,5,0,,15,,40,165,,20,10,5,5,0,5,0,25,0,0,5,5,0,,15,30,,30,20,,0,15,30,50,5,0,0,,5,5,,30,70,30,70,0,0,,180,60,10,5,95,5,0,105,5,15,55,0,,135,,50,55,0,30,0,0,0,0,0,0,0,0,,0,,80,35,15,0,210,140,25,45,,230,10,5,0,0,0,0,,25,10,,0,0,25,0,0,25,,0,0,,0,0,0,0,0,0,0,0,0,0,0,0,0,0,0,0,,0,0,0,,0,0,0,,0,0,0,0,0,0,0,0,0,0,0,0,5,0
"Hammersmith and Fulham",,100,,,237," ",,,7,,,,"..","..",,"..","..","..","..","..","..",,"..",,"..","..",,"..","..","..","..","..","..","..","..","..","..","..","..","..",,"..","..",,"..","..",,"..","..","..","..","..","..","..",,"..","..",,"..","..","..","..","..","..",,"..","..","..","..","..","..","..","..","..","..","..","..",,"..",,"..","..","..","..","..","..","..","..","..","..","..","..",,"..",,"..","..","..","..","..","..","..","..",,"..","..","..","..","..","..","..",,"..","..",,"..","..","..","..","..","..",,"..","..",,"..","..","..","..","..","..","..","..","..","..","..","..","..","..","..","..",,"..","..","..",,"..","..","..",,"..","..","..","..","..","..","..","..","..","..","..","..","..",".."
"Haringey",,205,,,205,,,,,,,,180,0,,50,25,5,90,10,0,,15,,30,155,,0,20,5,0,0,0,0,10,0,0,0,0,20,,20,20,,10,10,,0,0,10,100,0,15,0,,15,0,,40,95,40,90,0,5,,195,45,5,15,115,10,10,140,0,15,40,0,,155,,0,115,0,35,0,0,0,0,0,0,0,0,,0,,75,55,20,0,250,180,40,35,,165,10,10,0,0,0,0,,30,15,,0,0,15,15,0,35,,0,0,,0,0,0,0,0,0,0,0,0,0,0,0,0,0,0,0,,0,0,0,,0,0,0,,0,0,5,0,0,0,0,0,15,5,5,0,25,10
"Islington","*",216,,,,,,,23,,,,135,5,,50,35,0,40,5,5,,5,,30,135,,15,5,5,5,0,0,0,10,0,0,0,5,10,,40,15,,0,0,,0,15,20,35,15,5,0,,25,15,,10,35,10,35,0,0,,200,90,15,10,80,5,0,120,10,15,55,0,,140,,25,85,0,25,0,0,0,0,0,0,5,0,,0,,95,40,10,0,200,135,15,45,,250,5,0,0,0,0,5,,10,5,,0,0,5,20,0,25,,0,0,,5,0,5,5,5,0,0,0,0,0,5,0,5,0,0,0,,0,0,0,,0,0,0,,0,0,0,0,0,0,0,0,5,0,0,0,5,5
"Kensington and Chelsea",,100,,,237,,,,7,,,,"..","..",,"..","..","..","..","..","..",,"..",,"..","..",,"..","..","..","..","..","..","..","..","..","..","..","..","..",,"..","..",,"..","..",,"..","..","..","..","..","..","..",,"..","..",,"..","..","..","..","..","..",,"..","..","..","..","..","..","..","..","..","..","..","..",,"..",,"..","..","..","..","..","..","..","..","..","..","..","..",,"..",,"..","..","..","..","..","..","..","..",,"..","..","..","..","..","..","..",,"..","..",,"..","..","..","..","..","..",,"..","..",,"..","..","..","..","..","..","..","..","..","..","..","..","..","..","..","..",,"..","..","..",,"..","..","..",,"..","..","..","..","..","..","..","..","..","..","..","..","..",".."
"Lambeth",,250,,,," ",,,18,,,,70,0,,10,20,0,40,0,0,,0,,15,105,,0,10,0,5,0,0,0,10,0,0,0,0,5,,35,5,,5,0,,5,10,10,35,5,10,5,,15,5,,10,20,10,20,0,0,,135,30,0,10,90,0,0,100,5,15,0,15,,95,,0,75,0,5,0,0,0,0,0,0,0,10,,5,,60,30,5,0,135,70,60,10,,70,0,0,0,0,0,0,,10,5,,0,0,0,0,0,5,,0,0,,0,5,5,0,5,0,0,0,0,5,0,0,5,0,0,0,,0,0,0,,0,0,0,,0,0,5,5,0,0,0,0,0,0,0,0,10,5
"Lewisham",,300,,,,,,,20,,,,120,0,,25,5,5,80,0,0,,0,,0,0,,0,0,0,0,0,0,0,0,0,0,0,0,0,,0,0,,0,0,,0,0,0,0,0,0,30,,0,0,,40,100,35,85,5,15,,195,75,0,5,105,0,0,160,0,30,0,0,,130,,25,100,0,5,0,0,0,0,0,0,0,0,,5,,45,50,35,0,250,120,130,0,,130,0,0,0,0,0,0,,5,0,,0,0,0,0,0,0,,0,0,,0,0,0,0,0,0,0,0,0,0,0,0,0,0,0,0,,0,0,0,,0,0,0,,0,0,0,0,0,0,0,0,0,0,0,0,5,5
"Newham",,250,,,,,,,8,,,,150,15,,35,25,30,45,20,0,,15,,20,100,,10,10,5,0,0,0,0,10,0,0,5,0,0,,30,10,,25,15,,0,20,15,55,15,5,0,,20,15,,5,10,5,10,0,0,,185,40,0,55,85,0,0,155,5,5,5,10,,120,,25,80,0,15,0,0,0,0,0,0,0,0,,10,,50,45,25,0,220,150,20,50,,275,0,0,0,0,0,0,,10,10,,0,0,5,20,0,25,,0,0,,5,0,5,5,5,5,0,0,0,5,0,0,5,0,0,0,,0,5,0,,0,0,0,,0,0,0,0,0,0,0,0,0,0,0,0,0,0
"Southwark",,250,,,,,,,,,,,205,10,,55,30,10,90,20,0,,5,,45,305,,10,20,5,10,0,0,0,25,0,0,0,10,5,,40,20,,35,5,,0,15,15,80,15,10,10,,30,15,,35,90,30,80,5,10,,290,115,5,10,150,10,0,180,20,35,55,5,,205,,40,90,5,30,0,0,0,0,5,0,30,0,,0,,90,70,45,0,375,205,100,65,,120,20,5,10,0,0,5,,30,15,,0,0,25,20,0,50,,0,0,,5,0,5,10,10,5,0,0,5,5,0,0,0,5,0,0,,0,5,0,,0,0,0,,0,0,0,0,0,0,0,0,10,5,5,0,20,10
"Tower Hamlets",,369,,,,,,,20,,,,115,10,,20,25,45,25,5,0,,20,,45,480,,15,10,10,10,0,0,0,30,0,0,5,0,0,,215,5,,15,0,,0,5,20,45,15,5,5,,20,15,,25,65,25,65,0,0,,190,35,10,100,40,5,0,165,0,5,15,5,,120,,30,85,0,5,0,0,0,0,0,0,0,0,,5,,75,35,10,0,175,115,35,25,,270,10,0,0,5,0,5,,10,0,,0,0,0,10,0,10,,0,0,,5,0,5,5,5,5,0,0,0,5,0,0,5,0,0,5,,0,5,0,,0,0,0,,0,0,0,0,0,0,0,0,0,0,0,0,0,0
"Wandsworth",,170.88,,,170,,,,9,,,,80,15,,20,30,5,25,0,0,,5,,20,60,,5,5,0,5,0,0,0,10,0,0,0,5,0,,40,5,,5,0,,0,10,35,50,15,0,0,,15,15,,5,15,5,15,0,0,,195,75,5,10,90,5,10,140,0,55,0,0,,145,,5,95,0,45,0,0,0,0,0,0,0,0,,10,,80,30,5,0,155,80,80,0,,100,5,5,0,0,0,0,,55,35,,0,0,5,5,0,10,,0,0,,5,5,10,5,10,5,5,0,0,10,5,0,5,5,0,0,,0,0,0,,0,0,0,,0,0,0,0,0,0,0,0,0,0,0,0,0,0
"Westminster",,100,,,237,,,,15,,,,"..","..",,"..","..","..","..","..","..",,"..",,"..","..",,"..","..","..","..","..","..","..","..","..","..","..","..","..",,"..","..",,"..","..",,"..","..","..","..","..","..","..",,"..","..",,"..","..","..","..","..","..",,"..","..","..","..","..","..","..","..","..","..","..","..",,"..",,"..","..","..","..","..","..","..","..","..","..","..","..",,"..",,"..","..","..","..","..","..","..","..",,"..","..","..","..","..","..","..",,"..","..",,"..","..","..","..","..","..",,"..","..",,"..","..","..","..","..","..","..","..","..","..","..","..","..","..","..","..",,"..","..","..",,"..","..","..",,"..","..","..","..","..","..","..","..","..","..","..","..","..",".."
"London Tri-borough",,,,,,,,,,,,,225,10,,50,55,10,80,30,0,,15,,40,150,,15,15,10,0,0,0,0,30,0,0,0,10,0,,70,5,,30,20,,0,20,65,95,15,20,0,,35,15,,20,50,20,50,0,0,,300,85,10,10,165,20,10,220,0,15,65,0,,220,,30,140,0,35,0,0,0,5,0,15,0,0,,5,,105,80,35,5,385,225,120,50,,870,25,10,5,0,0,10,,30,15,,0,0,40,15,0,55,,0,0,,5,5,10,5,10,5,0,5,0,5,0,5,5,0,0,5,,0,5,0,,0,0,0,,0,0,0,0,0,0,0,0,0,0,0,0,0,0
"Outer London",,,,,,,,,,,,,2235,135,,995,375,230,460,165,5,,100,,320,2155,,105,120,60,35,0,5,0,115,0,5,10,80,100,,965,115,,200,50,,15,215,255,750,85,60,15,,145,85,,310,770,265,630,45,140,,3075,1575,75,320,945,110,45,2130,40,395,395,110,,1970,,525,1060,0,335,5,0,0,0,0,40,5,0,,95,,790,780,355,25,3520,2235,805,475,,2525,280,70,70,45,0,100,,345,195,,5,5,155,260,0,425,,5,5,,70,35,100,75,105,35,15,20,30,45,20,35,50,15,5,30,,0,35,25,,10,5,10,,15,5,20,10,0,0,15,5,5,5,5,5,65,30
"Barking and Dagenham","*",295,195,150,,,,,7,4,4,,230,20,,120,35,15,45,10,0,,20,,15,60,,0,10,5,0,0,0,0,5,0,0,0,5,5,,25,10,,15,15,,0,15,35,75,0,0,0,,0,0,,35,75,30,70,0,5,,225,115,5,35,70,0,0,160,15,20,5,20,,150,,35,100,0,15,0,0,0,0,0,0,0,0,,10,,25,60,65,5,360,230,115,20,,105,15,10,0,0,0,5,,25,10,,0,0,0,40,0,40,,0,0,,10,0,10,10,10,5,0,0,5,5,0,0,5,0,0,0,,0,0,0,,5,5,5,,0,0,0,0,0,0,0,0,0,0,0,0,0,0
"Barnet",,219,,,219,,,,19,,,,105,10,,45,20,10,20,15,0,,5,,20,120,,5,10,0,5,0,0,0,5,0,0,0,0,15,,0,20,,0,0,,0,0,5,25,5,0,0,,5,5,,0,0,0,0,0,0,,175,110,0,20,40,0,0,115,0,10,40,10,,110,,5,100,0,0,0,0,0,0,0,0,0,0,,0,,40,45,20,0,195,105,90,0,,200,10,10,0,0,0,0,,25,0,,0,0,0,15,0,15,,0,0,,20,0,20,20,20,5,0,5,10,5,15,5,10,5,0,5,,0,5,5,,0,0,0,,0,0,0,0,0,0,0,0,0,0,0,0,5,0
"Bexley",,233,,,,,,,,,,,120,5,,70,15,5,20,5,0,,10,,30,365,,15,10,5,5,0,0,0,10,0,0,0,5,20,,75,10,,30,10,,0,0,25,35,10,0,0,,10,10,,5,15,5,10,0,5,,215,175,10,10,25,0,0,165,0,10,30,0,,125,,50,40,0,15,5,0,0,0,0,10,0,0,,5,,40,45,35,0,245,120,50,55,,165,20,5,5,0,0,5,,25,10,,0,0,10,15,0,25,,0,0,,5,5,10,5,15,0,0,5,0,0,5,5,0,0,0,5,,0,5,0,,5,0,0,,0,0,0,0,0,0,0,0,0,0,0,0,0,0
"Brent",,288.24,,,,,,,,,,,105,5,,25,20,10,30,15,0,,5,,15,40,,5,10,0,0,0,0,0,10,0,0,0,0,0,,15,5,,10,0,,0,15,10,40,0,15,5,,15,0,,15,35,5,10,5,25,,140,30,10,20,80,0,0,80,5,25,15,10,,105,,10,65,0,30,0,0,0,0,0,0,0,0,,5,,50,45,10,0,170,105,35,30,,160,15,0,0,0,0,10,,15,15,,0,0,0,25,0,30,,0,0,,0,0,0,0,0,0,0,0,0,0,0,0,0,0,0,0,,0,0,0,,0,0,0,,0,0,0,0,0,0,0,0,0,0,0,0,0,0
"Bromley",,376.45,,,,,,,,,,,160,15,,105,20,5,25,5,0,,10,,25,160,,10,5,5,0,0,0,0,25,0,0,0,0,0,,145,0,,20,10,,0,20,25,35,5,0,0,,5,5,,25,70,25,70,"..","..",,235,180,10,5,35,5,0,145,0,55,35,0,,140,,25,65,0,35,0,0,0,0,0,10,0,0,,5,,55,60,20,0,245,160,30,45,,145,35,5,15,5,0,10,,35,20,,0,0,10,30,0,40,,5,0,,5,5,10,5,10,5,0,0,5,10,0,0,10,0,0,0,,0,5,5,,0,0,0,,0,0,5,0,0,0,0,0,0,0,0,0,5,5
"Croydon","*",,,,,,,,,,,,350,15,,135,45,60,95,15,0,,5,,100,835,,35,30,20,15,0,0,0,0,0,0,0,65,30,,480,30,,0,0,,0,70,0,155,0,0,0,,0,0,,55,140,35,80,20,60,,350,115,15,25,180,10,0,255,0,60,5,30,,235,,200,10,0,25,0,0,0,0,0,0,0,0,,40,,80,95,60,0,450,350,70,50,,165,10,0,0,0,0,10,,20,15,,0,0,5,30,0,35,,0,0,,5,5,5,5,5,0,5,5,0,5,0,0,5,0,0,0,,0,0,0,,0,0,0,,0,0,5,5,0,0,0,0,0,0,0,0,10,10
"Ealing","*",,,,,,,,,,,,140,0,,35,40,30,35,5,0,,5,,10,50,,0,5,0,0,0,0,0,5,0,0,0,0,5,,30,0,,25,10,,0,0,15,50,5,5,0,,10,5,,25,55,20,50,0,5,,185,55,5,35,80,10,0,105,10,5,60,5,,120,,15,75,0,30,0,0,0,0,0,0,0,0,,5,,65,45,10,0,195,140,40,20,,250,5,0,0,0,0,0,,25,20,,0,0,25,15,0,35,,0,0,,0,0,0,0,0,0,0,0,0,0,0,0,0,0,0,0,,0,0,0,,0,0,0,,0,0,0,0,0,0,0,0,0,0,0,0,0,0
"Enfield","*",412.91,295.58,178.25,,,,,4,3,3,,155,10,,65,15,5,40,35,0,,5,,0,55,,0,0,0,0,0,0,0,0,0,0,0,0,0,,10,0,,20,0,,0,20,25,55,5,0,0,,5,5,,20,50,15,40,5,10,,235,65,0,5,100,50,15,145,0,25,60,0,,155,,15,95,0,45,0,0,0,0,0,0,0,0,,5,,70,60,10,0,225,155,30,30,,235,35,10,10,5,0,15,,40,25,,5,0,10,10,0,20,,0,0,,5,0,5,5,5,0,0,0,0,5,0,0,5,0,0,0,,0,5,5,,0,0,0,,0,0,0,0,0,0,0,0,0,0,0,0,5,5
"Greenwich",,201.7,,,,,,,3,,,,135,5,,60,35,0,25,10,0,,5,,20,100,,10,10,0,0,0,0,0,20,0,0,0,0,0,,10,15,,20,0,,5,15,25,55,10,10,5,,20,10,,15,40,15,40,0,0,,175,100,5,10,45,5,0,130,0,30,15,0,,110,,40,45,0,25,0,0,0,0,0,0,0,0,,15,,50,35,25,0,195,135,15,50,,130,10,0,5,0,0,5,,15,10,,0,0,25,10,0,35,,0,0,,5,5,5,5,10,5,0,0,0,5,0,0,5,0,0,5,,0,0,0,,0,0,0,,0,0,0,0,0,0,0,0,0,0,0,0,0,0
"Harrow","*",356,,,176,,,,2,,,,75,5,,25,15,10,15,5,0,,5,,10,25,,5,5,5,0,0,0,0,10,0,0,0,0,0,,10,10,,20,0,,0,5,5,35,0,0,0,,0,0,,15,35,15,35,0,0,,105,40,0,15,45,5,0,60,0,20,20,0,,65,,15,40,0,10,0,0,0,0,0,0,0,0,,5,,30,20,15,0,120,75,25,25,,85,20,5,10,5,0,5,,10,5,,0,0,0,20,0,20,,0,0,,0,0,0,5,5,0,0,0,0,0,0,0,0,0,0,0,,0,0,0,,0,0,0,,0,0,0,0,0,0,0,0,0,0,0,0,0,0
"Havering",,223.1,,,,,,,9,,,,90,10,,60,10,10,10,0,0,,10,,15,90,,5,5,5,0,0,0,0,10,0,0,5,0,0,,45,0,,20,0,,0,5,20,45,5,5,0,,10,5,,10,30,10,25,0,5,,140,115,0,5,15,5,0,90,0,35,20,0,,85,,10,55,0,20,0,0,0,0,0,0,0,0,,0,,45,35,5,0,130,90,5,30,,120,20,5,5,0,0,10,,20,10,,0,0,15,15,0,30,,0,0,,0,5,10,0,10,5,0,0,0,0,0,5,0,5,0,5,,0,10,10,,0,0,0,,0,0,0,0,0,0,0,0,0,0,0,0,0,0
"Hillingdon","*",198,,,,,,,,,,,95,5,,55,10,10,15,10,0,,0,,10,80,,0,0,5,5,0,0,0,5,0,0,0,0,0,,25,5,,0,0,,0,5,20,35,0,0,0,,0,0,,0,5,0,0,0,5,,145,90,0,15,35,0,0,100,5,10,30,0,,90,,10,65,0,15,0,0,0,0,0,0,0,0,,0,,35,40,10,0,155,95,30,30,,60,0,0,0,0,0,0,,15,10,,0,0,15,5,0,20,,0,0,,0,5,5,0,5,0,0,0,5,5,0,0,5,0,0,0,,0,0,0,,0,0,0,,0,0,5,0,0,0,0,0,0,0,0,0,5,0
"Hounslow","*",386.8,,,180.56,324.9,,,,,,,120,10,,50,20,15,20,10,0,,5,,20,80,,5,10,0,0,0,0,0,0,0,0,0,0,20,,45,0,,0,0,,0,20,5,25,15,0,0,,15,15,,10,20,10,20,0,0,,180,75,5,45,40,0,15,165,0,5,0,5,,115,,0,105,0,10,0,0,0,0,0,0,0,0,,0,,40,45,25,0,210,120,80,15,,250,0,0,0,0,0,0,,10,5,,0,0,0,10,0,10,,0,0,,0,0,0,0,0,0,0,0,0,0,0,0,0,0,0,0,,0,0,0,,0,0,0,,0,0,0,0,0,0,0,0,0,0,0,0,0,0
"Kingston upon Thames","*",120,,,150,200.06,300.09,560,,,,,35,5,,25,5,0,0,0,0,,0,,0,0,,0,0,0,0,0,0,0,0,0,0,0,0,0,,0,0,,5,0,,0,5,5,20,5,0,0,,5,5,,0,0,0,0,0,0,,60,55,0,5,0,0,0,35,0,5,15,10,,40,,5,20,0,10,0,0,0,0,0,5,0,0,,0,,20,15,5,0,65,35,15,10,,25,0,0,0,0,0,0,,10,5,,0,0,5,10,0,20,,0,0,,0,0,0,0,0,0,0,0,0,0,0,0,0,0,0,0,,0,0,0,,0,0,0,,0,0,0,0,0,0,0,0,0,0,0,0,5,0
"Merton",,," "," ",,,,,,,,,70,0,,25,10,5,20,10,0,,0,,0,0,,0,0,0,0,0,0,0,0,0,0,0,0,0,,0,0,,5,0,,0,0,0,10,5,10,0,,10,5,,10,25,10,25,0,0,,115,55,5,10,45,0,0,90,0,15,5,10,,75,,10,50,0,10,0,0,0,0,0,0,0,0,,0,,25,35,10,0,135,70,20,45,,215,10,10,0,0,0,0,,15,5,,0,0,0,0,0,0,,0,0,,0,0,0,0,0,0,0,0,0,0,0,0,0,0,0,0,,0,0,0,,0,0,0,,0,0,0,0,0,0,0,0,0,0,0,0,0,0
"Redbridge",,402.5,,,,,,,,,,,55,5,,15,15,15,10,0,0,,0,,5,15,,0,5,0,0,0,0,0,0,0,0,0,0,5,,10,0,,0,0,,0,0,5,10,5,10,0,,10,5,,0,0,"..","..","..","..",,95,25,0,30,40,0,0,75,0,20,5,0,,60,,45,0,0,10,0,0,0,0,0,0,0,0,,0,,20,25,15,0,115,55,60,0,,50,0,0,0,0,0,0,,5,0,,0,0,0,0,0,0,,0,0,,0,0,0,0,0,0,0,0,0,0,0,0,0,0,0,0,,0,0,0,,0,0,0,,0,0,0,0,0,0,0,0,0,0,0,0,5,0
"Richmond Upon Thames","*",100,,,,237,,,15,,,,50,5,,25,10,5,5,0,0,,0,,5,30,,0,5,0,0,0,0,0,5,0,0,0,0,0,,15,0,,5,0,,0,5,10,15,5,0,0,,5,5,,0,5,0,0,0,0,,75,60,0,5,5,0,0,50,0,0,15,15,,50,,10,25,0,5,0,0,0,0,0,5,0,0,,0,,30,15,0,0,70,50,15,5,,15,0,0,0,0,0,0,,10,5,,0,0,15,5,0,20,,0,0,,0,5,5,0,5,0,0,5,0,5,0,0,0,0,0,0,,0,0,0,,0,0,0,,5,0,0,0,0,0,5,5,0,0,0,0,10,5
"Sutton",,268.85,,,,,,,,,,,55,5,,30,10,5,5,5,0,,0,,5,45,,5,5,0,0,0,0,0,5,0,0,0,0,5,,20,5,,5,0,,0,5,10,15,0,0,0,,0,0,,30,70,25,55,5,15,,100,70,0,0,15,5,10,65,0,30,5,0,,55,,15,35,0,5,0,0,0,0,0,0,0,0,,0,,20,30,5,0,100,55,30,5,,10,0,0,0,0,0,0,,5,5,,0,0,0,0,0,0,,0,0,,5,0,5,5,0,0,0,0,0,0,0,5,0,0,0,0,,0,0,0,,0,0,0,,5,0,0,0,0,0,0,0,0,0,0,0,5,0
"Waltham Forest",,299,,,,,,,,,,,85,5,,25,25,10,20,5,0,,5,,5,5,,5,0,0,0,0,0,0,5,0,0,0,0,0,,0,5,,5,0,,0,15,15,15,10,0,0,,10,10,,40,95,40,95,0,0,,130,40,0,35,50,0,0,85,5,20,20,0,,90,,5,65,0,25,0,0,0,0,0,0,0,0,,0,,55,25,10,0,135,85,40,15,,145,70,0,15,25,0,25,,20,15,,0,0,15,5,0,25,,0,0,,5,0,5,5,5,0,0,0,5,0,0,5,5,0,0,0,,0,5,0,,0,0,0,,0,0,0,0,0,0,5,0,0,0,0,0,10,0
"South East",,,,,,,,,,,,,4985,420,,4060,410,140,165,130,75,,390,,680,3650,,295,220,115,50,0,15,20,350,10,10,25,125,125,,1825,145,,745,185,,15,420,770,1230,200,120,5,,325,200,,525,1255,490,1150,35,105,,7120,6450,85,130,120,45,290,4720,135,1235,795,230,,4115,,1000,2120,15,700,45,0,0,20,30,125,50,0,,225,,1605,1565,870,55,7565,4985,1070,1395,,4615,1030,145,265,165,0,455,,755,400,,0,10,485,560,15,1070,,5,0,,165,150,315,145,290,165,15,65,65,165,55,95,165,45,35,70,,5,135,85,,25,15,20,,10,5,35,15,5,0,5,5,30,10,20,10,100,45
"Bracknell Forest",,,,,,,,,,,,,85,5,,70,5,5,5,0,0,,20,,20,85,,10,10,0,0,0,0,0,15,0,0,0,5,0,,70,5,,30,20,,0,5,20,25,5,0,0,,5,5,,25,50,25,50,0,0,,120,110,0,0,5,0,0,65,0,40,10,0,,70,,15,35,0,15,0,0,0,0,0,0,0,0,,5,,20,30,15,0,135,85,25,25,,130,15,5,5,0,0,10,,20,10,,0,0,0,20,0,20,,0,0,,5,0,5,5,10,5,0,0,0,0,0,5,5,0,0,0,,0,5,5,,0,0,0,,0,0,0,0,0,0,0,0,0,0,0,0,0,0
"Brighton and Hove",,,,,,,,,,,,,200,10,,150,30,5,5,10,0,,5,,25,105,,0,10,10,5,0,5,0,15,0,0,0,5,0,,75,0,,20,0,,5,20,35,55,10,0,0,,15,10,,5,15,5,15,0,0,,275,260,5,5,5,5,0,165,0,50,60,0,,170,,0,135,0,35,0,0,0,0,0,0,0,0,,0,,65,60,50,0,330,200,35,95,,190,5,5,0,0,0,0,,40,20,,0,0,0,25,0,25,,0,0,,0,5,5,0,5,0,0,0,0,0,0,0,0,0,0,5,,0,0,0,,0,0,0,,0,0,0,0,0,0,0,0,0,0,0,0,0,0
"Buckinghamshire",,,,,,,,,,,,,150,10,,105,25,5,5,5,5,,0,,10,45,,5,5,0,0,0,0,0,10,0,0,0,5,0,,40,5,,20,0,,0,10,5,45,0,5,0,,5,0,,20,45,20,45,"..","..",,235,205,5,10,10,0,5,115,5,55,60,0,,135,,15,60,0,50,0,0,0,0,0,5,5,0,,0,,70,40,25,5,235,150,35,40,,180,20,5,0,0,0,15,,45,30,,0,0,5,40,0,45,,0,0,,15,0,15,15,15,10,0,0,0,15,0,0,10,5,0,0,,0,15,10,,0,0,0,,0,0,5,0,0,0,0,0,0,0,0,0,10,0
"East Sussex",,,,,,,,,,,,,360,40,,345,10,5,0,0,0,,5,,40,220,,15,10,15,0,0,0,0,30,0,0,0,5,5,,110,10,,45,10,,0,25,40,70,10,0,0,,10,10,,25,55,25,50,0,5,,480,420,5,5,0,0,55,315,15,55,95,0,,285,,90,125,5,40,0,0,0,0,5,20,0,0,,15,,95,105,70,10,565,360,35,130,,265,260,10,130,65,0,50,,45,25,,0,0,40,20,0,60,,0,0,,10,10,20,10,15,10,0,5,0,5,10,5,5,0,0,10,,5,10,5,,0,0,0,,0,0,0,0,0,0,0,0,0,0,0,0,5,5
"Hampshire",,,,,,,,,,,,,750,95,,660,35,10,20,10,10,,110,,135,890,,55,35,25,20,0,5,5,70,5,5,10,20,20,,195,60,,205,65,,0,95,195,160,20,15,0,,30,20,,80,185,70,160,10,25,,980,880,5,5,5,0,85,535,0,445,0,0,,570,,320,175,0,55,0,0,0,0,0,15,0,0,,85,,275,180,110,5,985,750,125,130,,1010,240,30,0,25,0,185,,110,50,,0,0,95,55,15,170,,0,0,,25,35,60,20,45,20,0,15,25,25,0,30,30,15,5,10,,0,35,15,,0,0,0,,0,0,5,5,0,0,0,0,20,10,0,0,25,15
"Isle of Wight",,,,,,,,,,,,,125,10,,120,0,0,0,0,5,,15,,20,280,,5,5,5,5,0,0,0,10,0,0,0,10,0,,30,10,,10,0,,0,5,10,20,5,10,0,,15,5,,15,35,15,30,0,5,,175,175,0,0,0,0,0,100,5,15,55,5,,105,,0,50,0,45,0,0,0,5,0,0,0,0,,5,,40,30,20,0,170,125,25,20,,90,15,5,5,0,0,5,,30,25,,0,0,10,10,0,20,,0,0,,5,5,10,0,10,5,0,5,0,5,0,0,5,0,0,0,,0,0,0,,0,0,0,,0,0,0,0,0,0,0,0,0,0,0,0,0,0
"Kent",,,,,,,,,,,,,945,95,,785,55,20,40,45,0,,100,,180,935,,85,65,25,10,0,0,5,110,0,0,0,50,15,,575,15,,160,10,,0,40,100,265,60,45,0,,105,60,,80,185,80,180,0,5,,1245,1180,20,20,15,5,0,1055,5,110,55,20,,685,,230,370,5,30,10,0,0,0,5,15,20,0,,25,,190,295,195,5,1380,945,135,285,,590,215,10,60,60,0,85,,65,15,,0,0,50,95,0,145,,0,0,,15,20,35,15,35,25,5,10,0,25,0,10,15,5,5,15,,0,25,25,,5,5,5,,0,0,5,0,0,0,0,0,0,0,0,0,5,0
"Medway",,,,,,,,,,,,,235,15,,210,20,5,5,0,0,,5,,25,125,,15,10,0,0,0,0,0,20,0,0,5,0,0,,105,5,,40,0,,0,20,15,70,10,0,0,,10,10,,40,95,40,95,0,0,,310,300,0,0,5,10,0,240,0,45,0,30,,170,,25,110,0,20,10,0,0,0,0,5,0,0,,10,,40,60,65,5,375,235,70,75,,190,25,10,10,5,0,5,,20,10,,0,0,25,15,0,40,,0,0,,0,10,10,0,15,0,0,5,5,0,0,5,0,5,0,0,,0,5,0,,0,0,0,,0,0,5,5,0,0,0,0,0,0,0,0,5,5
"Milton Keynes",,,,,,,,,,,,,205,20,,145,20,10,20,0,0,,10,,25,170,,5,5,10,5,0,0,0,15,0,0,5,0,0,,150,5,,25,5,,0,25,30,85,5,5,0,,10,5,,5,10,5,10,0,0,,285,220,5,10,15,0,40,110,0,95,70,10,,170,,25,85,0,50,0,0,0,10,5,0,0,0,,0,,70,70,25,0,295,205,25,65,,325,5,5,0,0,0,0,,30,25,,0,0,50,25,0,80,,0,0,,25,10,35,20,25,15,0,5,15,5,15,10,25,0,0,5,,0,0,0,,0,0,0,,0,0,0,0,0,0,0,0,0,0,0,0,5,5
"Oxfordshire",,,,,,,,,,,,,335,5,,240,50,10,10,10,15,,15,,30,65,,20,5,0,0,0,0,0,20,0,0,0,5,5,,50,5,,35,5,,5,10,50,55,10,15,0,,20,10,,70,170,65,160,5,10,,535,480,10,10,15,10,15,295,30,75,130,5,,325,,25,180,0,115,5,0,0,0,0,0,0,0,,5,,135,115,65,5,585,335,150,100,,135,10,10,0,0,0,0,,80,60,,0,0,40,30,0,70,,0,0,,15,25,40,10,35,20,0,10,10,30,10,5,25,10,5,0,,0,0,0,,0,0,0,,0,0,0,0,0,0,0,0,0,0,5,0,5,0
"Portsmouth",,,,,,,,,,,,,275,40,,225,20,5,5,15,0,,25,,40,125,,20,15,5,5,0,0,0,20,0,0,5,10,5,,110,5,,40,30,,0,35,50,50,10,0,0,,15,10,,15,40,15,35,0,5,,375,335,0,5,5,5,20,180,50,70,30,50,,210,,110,55,0,30,0,0,0,0,0,15,0,0,,15,,55,95,60,5,435,275,35,90,,200,40,5,20,5,0,15,,35,25,,0,0,45,35,0,80,,0,0,,15,5,20,10,15,15,0,0,0,15,0,0,10,5,0,5,,0,5,5,,5,0,0,,5,0,5,0,0,0,0,0,0,0,0,0,15,5
"Reading",,,,,,,,,,,,,80,5,,50,15,0,10,0,0,,0,,15,55,,5,5,5,0,0,0,0,5,0,0,0,5,0,,40,5,,10,0,,0,10,10,30,0,0,0,,0,0,,5,15,5,15,0,0,,155,115,0,5,20,0,10,90,0,10,25,25,,100,,20,45,5,15,0,0,0,5,0,5,15,0,,0,,40,45,10,0,165,80,75,5,,145,15,5,0,0,0,10,,20,10,,0,0,10,20,0,30,,0,0,,5,0,10,5,5,5,0,0,0,0,5,0,5,0,0,0,,0,10,5,,0,0,0,,0,0,0,0,0,0,0,0,0,0,0,0,0,0
"Slough",,,,,,,,,,,,,70,5,,40,10,10,5,0,0,,10,,5,20,,5,0,0,0,0,0,5,0,0,0,0,0,0,,5,0,,10,5,,0,15,20,35,5,0,0,,5,5,,30,75,25,70,0,5,,105,65,0,25,10,0,0,80,0,0,25,0,,65,,15,25,0,5,0,0,0,0,5,5,10,0,,5,,20,30,15,0,125,70,25,35,,310,15,0,5,0,0,10,,10,5,,0,5,20,5,0,25,,0,0,,5,5,10,5,5,5,0,5,0,5,0,5,5,0,0,5,,0,10,5,,0,0,0,,0,0,0,0,0,0,0,0,0,0,0,0,5,0
"Southampton",,,,,,,,,,,,,230,15,,190,20,5,5,5,0,,25,,15,85,,5,5,5,0,0,0,0,0,0,0,0,0,15,,65,0,,35,30,,0,30,55,65,5,0,0,,5,5,,0,0,0,0,0,0,,370,355,5,0,10,0,0,365,0,5,0,0,,215,,0,170,0,40,0,0,0,0,0,0,0,0,,20,,105,75,30,0,355,230,65,65,,185,25,5,0,5,0,15,,30,15,,0,0,0,70,0,70,,0,0,,5,0,5,5,5,5,0,0,0,0,0,0,5,0,0,0,,0,0,0,,5,5,5,,0,0,5,0,0,0,0,0,0,0,0,0,5,0
"Surrey",,,,,,,,,,,,,410,30,,335,45,20,10,10,0,,15,,30,100,,15,10,5,0,0,0,0,5,0,0,0,0,15,,65,10,,15,5,,0,45,35,115,20,15,0,,30,20,,40,90,35,85,0,5,,655,580,10,15,5,5,45,455,10,70,35,85,,375,,50,210,0,90,0,0,0,0,5,15,0,0,,15,,165,155,50,5,645,410,55,130,,345,55,10,10,0,0,30,,70,40,,0,0,80,20,0,105,,0,0,,10,10,20,10,20,15,0,0,5,15,0,5,10,0,5,5,,0,5,5,,0,0,0,,0,0,0,0,0,0,0,0,0,0,5,0,10,0
"West Berkshire",,,,,,,,,,,,,90,5,,70,5,0,5,5,0,,10,,15,80,,10,5,0,0,0,0,0,0,5,0,0,5,5,,30,5,,10,5,,0,5,10,15,0,5,0,,5,0,,5,15,5,15,0,0,,145,145,0,0,0,0,0,90,20,25,15,0,,85,,15,45,0,20,0,0,0,0,0,5,0,0,,5,,35,40,10,0,145,90,35,20,,55,5,0,0,0,0,5,,15,10,,0,0,5,15,0,20,,0,0,,5,0,5,5,5,5,0,0,0,5,0,0,5,0,0,0,,0,0,0,,5,0,10,,0,0,0,0,0,0,0,0,0,0,0,0,5,0
"West Sussex",,,,,,,,,,,,,310,10,,230,25,5,10,5,35,,10,,40,235,,10,15,10,5,0,0,0,0,0,0,0,0,40,,85,10,,10,0,,0,15,80,55,20,5,0,,25,20,,55,130,45,100,10,30,,490,470,5,5,0,0,5,360,0,45,85,0,,280,,20,200,0,15,20,0,0,0,5,20,0,0,,5,,135,105,35,0,465,310,80,80,,145,55,20,20,0,0,15,,50,10,,0,0,5,40,0,45,,0,0,,5,5,10,5,15,5,0,5,0,10,5,0,5,0,0,5,,0,5,0,,0,0,0,,0,0,0,0,0,0,0,0,0,0,0,0,0,0
"Windsor and Maidenhead",,,,,,,,,,,,,60,10,,40,5,5,5,0,0,,0,,5,10,,0,5,0,0,0,0,0,0,0,0,0,0,0,,5,0,,0,0,,0,5,0,5,5,0,0,,5,5,,10,25,10,25,0,0,,85,75,0,10,0,0,0,50,0,25,10,0,,45,,15,10,0,10,0,0,0,0,0,5,0,0,,5,,20,20,10,0,80,60,20,0,,25,5,0,0,0,0,5,,10,5,,0,0,0,5,0,5,,0,0,,0,0,0,0,0,0,0,0,0,0,0,0,0,0,0,0,,0,0,0,,5,5,0,,0,0,0,0,0,0,0,0,0,0,0,0,0,0
"Wokingham",,,,,,,,,,,,,70,5,,45,5,10,0,5,0,,5,,10,30,,10,0,0,0,0,0,0,5,0,0,0,5,0,,20,0,,10,5,,0,0,10,15,5,0,0,,5,5,,5,10,5,10,0,0,,100,90,0,0,5,0,0,55,0,10,40,0,,60,,10,30,0,15,0,0,0,0,0,0,0,0,,5,,25,25,10,0,100,70,30,5,,100,10,5,0,0,0,0,,20,10,,0,0,5,5,0,10,,0,0,,0,0,0,0,0,0,0,0,0,0,0,0,0,0,0,0,,0,0,0,,0,0,0,,5,0,0,0,0,0,0,0,0,0,0,0,5,0
"South West",,,,,,,,,,,,,2945,285,,2550,200,45,90,45,25,,250,,410,2040,,175,150,60,25,0,5,10,145,0,0,0,100,140,,1085,85,,355,55,,10,165,450,580,90,65,10,,150,90,,315,745,280,645,40,100,,4490,4185,35,25,65,15,170,3130,45,490,605,220,,2650,,680,1035,10,470,45,25,0,10,40,255,85,0,,130,,1075,1010,520,25,4760,2945,885,690,,3585,315,80,35,15,0,185,,495,255,,5,5,190,335,10,540,,0,0,,80,45,125,90,120,75,10,15,25,55,25,45,60,15,15,40,,0,30,20,,65,25,25,,10,5,35,10,5,0,15,0,5,0,10,5,80,25
"Bath and North East Somerset",,,,,,,,,,,,,70,5,,60,5,0,0,0,0,,10,,5,15,,5,0,0,0,0,0,0,5,0,0,0,0,0,,0,5,,5,0,,0,5,20,10,0,0,0,,0,0,,10,25,5,20,5,5,,95,90,0,0,5,0,0,85,0,10,5,0,,55,,25,15,0,5,0,0,0,0,0,0,5,0,,5,,15,30,15,0,115,70,15,25,,75,5,5,0,0,0,0,,10,0,,0,0,0,5,0,5,,0,0,,0,0,0,0,0,0,0,0,0,0,0,0,0,0,0,0,,0,0,0,,0,0,0,,0,0,0,0,0,0,0,0,0,0,0,0,0,0
"Bournemouth",,,,,,,,,,,,,105,10,,95,5,10,0,0,0,,0,,5,20,,5,0,0,0,0,0,0,0,0,0,0,0,5,,15,0,,5,0,,5,5,20,35,5,0,0,,5,5,,5,10,5,10,0,0,,150,145,0,5,0,0,0,125,0,20,0,5,,85,,15,45,0,20,0,0,0,0,0,0,0,0,,5,,45,25,10,0,140,105,30,5,,125,10,5,0,0,0,5,,15,5,,0,0,15,0,0,15,,0,0,,0,0,0,0,0,0,0,0,0,0,0,0,0,0,0,0,,0,0,0,,0,0,0,,0,0,0,0,0,0,0,0,0,0,0,0,0,0
"Bristol",,,,,,,,,,,,,345,25,,225,70,10,35,5,0,,15,,45,290,,20,10,10,5,0,0,0,10,0,0,0,15,20,,145,10,,90,5,,0,20,40,50,10,15,0,,30,10,,35,80,20,50,15,35,,460,370,5,5,45,5,35,350,0,85,0,25,,310,,25,175,0,45,0,0,0,0,5,30,25,0,,5,,155,95,60,5,530,345,35,95,,355,60,0,5,0,0,55,,30,10,,0,0,20,15,0,35,,0,0,,5,5,10,10,15,5,0,0,5,5,5,0,5,0,0,0,,0,0,0,,0,0,0,,0,0,0,0,0,0,0,0,0,0,0,0,0,0
"Cornwall",,,,,,,,,,,,,270,20,,250,15,0,5,0,0,,45,,30,85,,20,5,0,0,0,0,0,10,0,0,0,5,15,,45,15,,30,20,,0,15,60,120,5,0,0,,5,5,,25,55,25,55,0,0,,450,440,0,0,0,5,0,395,0,10,25,25,,265,,55,110,0,30,5,0,0,0,0,60,0,0,,15,,95,110,55,0,490,270,10,110,,330,10,5,0,0,0,5,,40,20,,0,0,30,40,5,75,,0,0,,5,5,10,5,10,10,0,0,0,5,5,0,0,0,0,5,,0,5,5,,5,0,0,,0,0,0,0,0,0,0,0,0,0,0,0,0,0
"Devon",,,,,,,,,,,,,415,85,,380,5,10,5,5,10,,70,,95,530,,30,40,15,5,0,0,5,45,0,0,0,15,30,,220,10,,85,5,,0,20,70,80,30,10,0,,40,30,,50,130,50,120,0,5,,610,595,5,0,0,0,10,360,0,35,215,0,,355,,140,90,0,70,20,0,0,0,20,20,0,0,,15,,135,155,65,0,640,415,140,90,,505,40,10,0,0,0,30,,90,50,,0,0,5,70,0,75,,0,0,,5,0,10,5,5,5,0,0,5,0,5,0,5,5,0,0,,0,0,0,,5,5,5,,5,0,0,0,5,0,15,0,0,0,0,0,25,5
"Dorset",,,,,,,,,,,,,195,15,,175,10,0,5,0,5,,15,,35,130,,15,5,5,5,0,0,0,20,0,0,0,5,5,,95,5,,0,0,,5,10,20,35,5,5,0,,10,5,,0,0,0,0,"..",0,,345,315,0,0,0,0,30,180,5,40,35,85,,200,,5,120,5,50,5,5,0,0,0,15,0,0,,15,,85,85,35,0,355,195,160,0,,250,35,10,10,5,0,10,,50,30,,0,0,25,20,0,45,,0,0,,10,5,15,15,15,5,0,5,5,5,0,10,5,0,0,5,,0,0,0,,0,0,5,,0,0,5,0,0,0,0,0,0,0,0,0,5,0
"Gloucestershire",,,,,,,,,,,,,345,20,,290,30,5,15,10,0,,20,,15,95,,5,10,0,0,0,0,0,5,0,0,0,0,5,,65,5,,20,10,,0,5,10,15,10,0,0,,10,10,,80,170,70,155,5,20,,540,515,5,10,10,0,0,365,15,65,95,0,,305,,105,80,5,50,5,10,0,0,0,30,25,0,,25,,115,115,70,5,570,345,100,115,,380,15,15,0,0,0,0,,60,30,,0,0,0,0,0,0,,0,0,,10,5,15,10,15,10,0,5,0,0,0,10,5,0,5,0,,0,5,5,,25,5,5,,0,0,5,5,0,0,0,0,0,0,0,0,5,5
"Isles of Scilly",,,,,,,,,,,,,"..","..",,"..","..","..","..","..","..",,"..",,"..","..",,"..","..","..","..","..","..","..","..","..","..","..","..","..",,"..","..",,"..","..",,"..","..","..","..","..","..","..",,"..","..",,"..","..","..","..","..","..",,"..","..","..","..","..","..","..","..","..","..","..","..",,"..",,"..","..","..","..","..","..","..","..","..","..","..","..",,"..",,"..","..","..","..","..","..","..","..",,"..","..","..","..","..","..","..",,"..","..",,"..","..","..","..","..","..",,"..","..",,"..","..","..","..","..","..","..","..","..","..","..","..","..","..","..","..",,"..","..","..",,"..","..","..",,"..","..","..","..","..","..","..","..","..","..","..","..","..",".."
"North Somerset",,,,,,,,,,,,,110,10,,90,10,0,5,0,0,,15,,30,105,,15,10,5,0,0,0,0,20,0,0,0,5,0,,70,10,,35,0,,0,15,30,20,5,5,0,,10,5,,10,30,10,30,0,0,,160,155,0,0,0,0,0,100,0,40,15,0,,95,,45,15,0,20,0,0,0,0,0,15,5,0,,0,,50,30,15,5,175,110,30,20,,135,10,5,0,0,0,5,,15,10,,0,0,0,25,0,25,,0,0,,0,0,5,0,0,0,0,0,0,5,0,0,5,0,0,0,,0,0,0,,0,0,0,,0,0,0,0,0,0,0,0,0,0,0,0,0,0
"Plymouth",,,,,,,,,,,,,170,45,,160,5,0,0,0,0,,0,,10,45,,5,5,0,0,0,0,0,5,0,0,0,0,0,,40,0,,0,0,,0,20,30,55,0,10,0,,10,0,,15,35,15,35,0,5,,265,240,0,0,0,0,20,230,0,10,25,0,,155,,50,55,0,20,0,0,0,0,0,20,0,0,,0,,55,60,40,0,295,170,30,70,,140,5,5,0,0,0,0,,20,15,,0,0,25,30,0,55,,0,0,,10,5,15,10,15,15,0,0,0,15,0,0,10,0,0,5,,0,10,5,,5,5,0,,0,0,0,0,0,0,0,0,0,0,0,0,5,0
"Poole",,,,,,,,,,,,,115,5,,105,5,0,0,0,0,,10,,20,190,,10,5,0,0,0,0,0,5,0,0,0,0,10,,180,0,,10,10,,0,0,5,20,0,5,0,,5,0,,15,35,15,35,0,0,,195,170,0,0,0,0,25,100,20,40,20,20,,115,,30,45,0,25,0,0,0,0,5,5,10,0,,5,,55,30,20,0,190,115,80,0,,90,35,0,15,5,0,15,,25,10,,0,0,0,20,0,20,,0,0,,10,0,10,10,10,5,0,0,0,10,0,0,10,0,0,0,,0,0,0,,0,0,0,,0,0,0,0,0,0,0,0,0,0,0,0,5,0
"Somerset",,,,,,,,,,,,,225,15,,210,10,0,5,0,0,,10,,45,235,,15,20,10,0,0,0,0,15,0,0,0,25,5,,135,10,,50,5,,0,30,55,45,10,5,0,,10,10,,40,95,35,80,5,10,,395,390,0,0,0,0,5,250,0,75,70,0,,225,,55,100,0,30,10,5,0,0,5,15,0,0,,5,,100,90,35,0,385,225,45,80,,280,40,5,10,5,0,25,,45,25,,0,0,50,25,0,80,,0,0,,5,0,5,5,5,5,0,0,0,0,5,0,0,5,0,0,,0,0,0,,15,0,0,,0,0,5,0,0,0,0,0,0,0,0,0,5,0
"South Gloucestershire",,,,,,,,,,,,,105,15,,100,5,0,0,0,0,,10,,15,60,,5,10,0,0,0,0,0,5,0,0,0,5,5,,15,10,,5,0,,0,0,15,25,0,0,0,,0,0,,10,30,10,20,0,10,,155,140,5,0,0,0,10,110,0,20,10,20,,95,,10,50,0,20,5,0,0,0,0,10,0,0,,0,,35,35,20,0,175,105,15,45,,165,5,0,0,0,0,5,,15,10,,0,0,5,20,0,30,,0,0,,5,5,10,5,10,5,5,0,5,0,5,10,0,0,0,10,,0,0,0,,0,0,0,,0,0,0,0,0,0,0,0,0,0,0,0,0,0
"Swindon",,,,,,,,,,,,,110,10,,85,10,5,10,5,0,,0,,10,20,,0,5,5,0,0,0,0,0,0,0,0,10,0,,15,0,,0,0,,0,0,0,0,0,0,0,,0,0,,20,45,15,35,5,10,,180,150,5,0,5,0,25,120,0,10,25,25,,105,,5,45,0,20,0,0,0,5,0,20,5,0,,5,,45,35,15,5,180,110,65,0,,360,15,0,0,0,0,15,,15,5,,0,5,10,15,0,30,,0,0,,5,5,10,5,10,5,0,5,0,0,0,10,5,0,0,0,,0,5,0,,5,0,0,,0,0,10,5,0,0,0,0,0,0,0,0,15,5
"Torbay",,,,,,,,,,,,,170,0,,150,15,0,0,0,0,,15,,25,140,,10,15,0,0,0,0,0,0,0,0,0,10,15,,30,10,,5,0,,0,25,35,40,10,0,0,,10,10,,0,0,0,0,0,0,,210,205,0,0,0,0,0,150,0,5,55,0,,135,,30,45,0,45,0,0,0,0,0,5,0,0,,15,,45,40,30,0,220,170,50,0,,95,5,5,0,0,0,0,,40,30,,0,0,0,20,0,20,,0,0,,5,0,5,5,5,5,0,0,0,0,0,5,0,0,0,5,,0,5,5,,5,5,5,,0,0,0,0,0,0,0,0,0,0,0,0,0,0
"Wiltshire",,,,,,,,,,,,,195,5,,170,5,0,10,10,5,,10,,25,70,,15,5,5,0,0,0,0,0,0,0,0,0,20,,25,5,,15,0,,0,0,30,30,0,10,10,,10,0,,0,0,"..","..","..","..",,270,260,0,0,0,0,5,215,0,25,20,10,,155,,80,40,0,15,0,0,0,5,0,10,5,0,,10,,50,75,35,0,300,195,85,30,,295,20,10,0,0,0,10,,20,0,,0,0,0,30,5,35,,0,0,,5,5,5,5,5,0,0,0,5,5,0,0,5,0,0,0,,0,0,0,,0,0,0,,0,0,0,0,0,0,0,0,0,0,5,0,5,0
